collected_at,video_id,title,published_at,category_id,duration,view_count,like_count,comment_count,channel_id,channel_title,subscriber_count,channel_video_count,channel_view_count,channel_created_at
2026-07-17T02:54:41.481371+00:00,cxCPSYV8sf4,මහේන්ද්‍ර උපන් දිනය සැමරුවේ මෙහෙමයි - Mahendra perera birthday party,2014-08-19T08:38:44Z,25,PT17M31S,156123,928,59,UCK-ZW31svFPfqrS-KetoNWg,adaderana,41800,4439,17227014,2009-03-10T16:55:53Z
2026-07-17T02:54:41.481371+00:00,wdNnBiZh5wQ,Govi will lose voter base if Pope visits North - Azath Salley,2014-07-04T13:18:44Z,25,PT2M46S,6599,24,3,UCK-ZW31svFPfqrS-KetoNWg,adaderana,41800,4439,17227014,2009-03-10T16:55:53Z
2026-07-17T02:54:41.481371+00:00,QYUiyfcWDlM,sally20140704,2014-07-04T11:20:41Z,25,PT1S,3685,3,0,UCK-ZW31svFPfqrS-KetoNWg,adaderana,41800,4439,17227014,2009-03-10T16:55:53Z
2026-07-17T02:54:41.481371+00:00,WZdT6-nnXdI,Prince Zeid worse than Pillay - Dayan,2014-06-12T06:17:01Z,25,PT2M39S,2848,6,2,UCK-ZW31svFPfqrS-KetoNWg,adaderana,41800,4439,17227014,2009-03-10T16:55:53Z
2026-07-17T02:54:41.481371+00:00,ZARt-18HpFQ,chris gayle rambari - ක්‍රිස් ගේල්ගේ රම්බරී මෙන්න,2014-06-03T09:44:29Z,25,PT1M27S,6750,43,1,UCK-ZW31svFPfqrS-KetoNWg,adaderana,41800,4439,17227014,2009-03-10T16:55:53Z
2026-07-17T02:54:45.577036+00:00,ahngbWNWa1w,ආණ්ඩුව ගොවි උපකරණවලට බදු ගසා දුම්වැටි සමාගම්වලට සහන දීලා..විපක්ෂ නායක කියයි..- Hiru News,2026-07-17T02:52:40Z,25,PT30S,0,0,0,UCckltLEhFLv8Xz_lQhYfwmg,Hiru News,3760000,163797,2720917858,2016-01-12T11:22:32Z
2026-07-17T02:54:45.577036+00:00,26ZLJo2xQ2E,මෝල් හිමියන්ට වී ගන්න අඩු පොළියට ණය දෙන්නෙත් රජයෙන් - ඇමති ලාල්කාන්ත - Hiru News,2026-07-17T02:51:30Z,25,PT2M7S,0,0,0,UCckltLEhFLv8Xz_lQhYfwmg,Hiru News,3760000,163797,2720917858,2016-01-12T11:22:32Z
2026-07-17T02:54:45.577036+00:00,zVcMSXaBGPo,අමු මිරිස් 1500ට නගී - Hiru News,2026-07-17T02:50:49Z,25,PT45S,3,0,0,UCckltLEhFLv8Xz_lQhYfwmg,Hiru News,3760000,163797,2720917858,2016-01-12T11:22:32Z
2026-07-17T02:54:45.577036+00:00,4pc0sZzYZ_8,කිලිනොච්චි සම්බන්ධීකරණයේදී අර්චුනා බාල්දියක් පෙරළයි Hiru News,2026-07-17T02:50:15Z,25,PT1M59S,2,0,0,UCckltLEhFLv8Xz_lQhYfwmg,Hiru News,3760000,163797,2720917858,2016-01-12T11:22:32Z
2026-07-17T02:54:45.577036+00:00,fEE3V5qwYYI,කොළඹ මහ නගර සභාවේ දුෂණ - වංචා: රෝසි අද කොමිසම හමුවට  - Hiru News,2026-07-17T02:45:55Z,25,PT46S,19,0,0,UCckltLEhFLv8Xz_lQhYfwmg,Hiru News,3760000,163797,2720917858,2016-01-12T11:22:32Z
