channel_id,title,category,country,subscriber_count,tier_hint
UCp8jFPHjTrBU_WOGyhXiUXg,Lanka Auto Zone,Autos & Vehicles,LK,,below_threshold
UCq5g6SLYlB6b-nZDczFKy3w,Lanka Vehicle Owners Review,Autos & Vehicles,LK,2,below_threshold
UC-dHEjWS4CibzGtijQC6cOg,Auto Lanka,Autos & Vehicles,LK,56,below_threshold
UClOa9_wBfIF67JdDjHVLsiw,Vehicle Focus,Autos & Vehicles,,529,below_threshold
UCyAH5jFox6rmUXhoXHQ912w,Srilankan auto,Autos & Vehicles,LK,1610,below_threshold
UCOQVLE9o9TuTRF8pOWDlb4Q,Auto Review,Autos & Vehicles,,1270,below_threshold
UC1myCi1ndA4AI2MADTpSMhQ,vehicle review sri lanka,Autos & Vehicles,,13,below_threshold
UCR3uexyFzvLsyb9uSThC5-A,Auto Lanka,Autos & Vehicles,LK,48,below_threshold
UCIPnCyTWcKHe-C-_mtG0GmA,MRJ inspire,Autos & Vehicles,LK,392000,mega
UC_kj63fSq_3_UygMk4JsO7w,Autogroup International ,Autos & Vehicles,AU,1220000,mega
UClBC9kT7SSFliwTgLQ7Ms4g,Auto Hub,Autos & Vehicles,LK,337000,mega
UC2PXUxzmQE8jNanGxwndSjw,Punchi Car Niwasa,Autos & Vehicles,LK,142000,mega
UC71SYqwZvY_kXqVA30F-awg,Nipul with Cars,Autos & Vehicles,LK,102000,mega
UCMIOtMp-WuFS6f25y4Cwytg,Vehicle Garage - ලංකාවේ වාහාන,Autos & Vehicles,LK,23300,mid
UCQsNlLN15ybNA4kdtwe-OBA,MotorGuide Sri Lanka,Autos & Vehicles,LK,25700,mid
UCUBN8f1H_gd7aulxB-Ik4tA,POV Drive Sri Lanka,Autos & Vehicles,LK,37700,mid
UCb4I3a5sSdVyXdBwQPG3sTw,Vehicle HUB,Autos & Vehicles,LK,48300,mid
UCrputd-TfRFkuYCFp3noAFA,Ratha Pola,Autos & Vehicles,LK,10500,mid
UC0dxKWZtGc7EYGpK7M1WQnA,Rathagala Car Reviews,Autos & Vehicles,,31700,mid
UCT_mEOG3Y-gemGUMglejpug,Srilankan Car-Culture,Autos & Vehicles,LK,4230,small
UCdjmNAbzwob5nwq4MPF5BPQ,Rudi On Wheels Srilanka,Autos & Vehicles,,3040,small
UCKMhiMmqyu2uAl8T3LZiEjQ,Ordinary Car Guys SL,Autos & Vehicles,LK,5520,small
UCcN3FVj7HWDUve6actxaw6Q,KAMO Auto Review,Autos & Vehicles,,2340,small
UCFdCT7ZJCc9ax1yAqDCQPaA,LANKA VEHICLE HUB,Autos & Vehicles,LK,9500,small
UCnUro1VEvpuIkbqoM9M8L4A,Ceylon Car Reviews,Autos & Vehicles,LK,2670,small
UCFRwOpIwDtvvGme0tKvPJyA,Funny sri lanka,Comedy,LK,2,below_threshold
UCgGWyBs51NVNDxP-tXEhlZw,Comedy lanka,Comedy,LK,1380,below_threshold
UC1ySZNkW3MXd56ZtV8-fz_A,Lanka AI Comedy,Comedy,LK,13,below_threshold
UCLUj4rhnM1CTio9dwMYSejw,FUNNY SRI LANKA ,Comedy,LK,3,below_threshold
UClS_iD2SzcF_OHAgV-_idtg,@Sri Lanka comedy,Comedy,,3,below_threshold
UC86sU6a8ChHViy7d5A572XA,Sinhala Comedy,Comedy,LK,2,below_threshold
UCjsHaeCTlEFLcQWoEwD2Tdw,Sri Lanka Comedy Boy,Comedy,LK,28,below_threshold
UCBqyRktnhF_BE4k9FutbPXA,ආතල් විතරමයි ,Comedy,LK,683,below_threshold
UCdGlaU257r3rwvy7REZZReg,ටhik funny ,Comedy,LK,3,below_threshold
UCgPL5V2N_KEDSyWvMwHt2nw,VIDU,Comedy,LK,475000,mega
UCXIS2lijUruCqWeRQKQKCSw,Hello Hello,Comedy,LK,134000,mega
UCms4dlxLWI7SZNWPTxzDr-A,Siril Ayya,Comedy,LK,623000,mega
UCOcVy09yuWmrbZnm_flr18A,Dilip Kanakarathna,Comedy,,296000,mega
UCVOZ_y2K3fnUOmuMtnxLk1Q,SL Animation Cartoon Hub,Comedy,LK,285000,mega
UCjzTnRl0ujdKwTh7KHxYCKg,Rj Chandru Vlogs,Comedy,LK,712000,mega
UCQTcNhAZidy1i9wwmdgf2Lw,ITN Sri Lanka,Comedy,LK,3240000,mega
UCGkzF25IZBE1SF9ykM64xEA,Vini Productions - විනී,Comedy,LK,3890000,mega
UC5IDHX2sg9Hg_FPkXGUj_gw,Meanwhile in SL,Comedy,LK,618000,mega
UCh3MHrepNNU7gNTcbiFzStQ,Masha Hitz,Comedy,LK,104000,mega
UCuEZ-eErexjsebY3d7UUh6w,Mangus Tube,Comedy,,131000,mega
UClfq6WEgQm3MG6b30xJhX3g,Comedy Land,Comedy,LK,59400,mid
UCfDISF10YI3tUmwFnBUB_mQ,Vidura Bandara Rajapaksa,Comedy,GB,16900,mid
UCMs6rZ-kqAMuWZPiX-Gjp_A,Enjoy Sri Lanka,Comedy,US,37800,mid
UC1BSMzeIFCVLaTI2-l8mJbw,B2VSriLanka,Comedy,LK,46900,mid
UCkjcwbJJld7G6dCnfgl6qDA,Pani Comedy,Comedy,LK,2750,small
UCa4sJej31_yJZFKRXef05jQ,Sri lanka Education,Education,,,below_threshold
UCRFrTdmB7DSks5_QFGpiYPg,ready education sri lanka,Education,,1730,below_threshold
UCVgX18FxkTBdX-clDFL7N-Q,Jeewa Education,Education,LK,579,below_threshold
UCMyKilL5B0bls3IPyYU9ceA,Sri Lanka Education ,Education,LK,1860,below_threshold
UCi8MCqlBr_wAPiTEGF4tmqg,Sri Lanka Education Network,Education,LK,1210,below_threshold
UCT3fC5r1VAm4i-oznijJYAw,Sri Lanka education,Education,,13,below_threshold
UCLiAU1lGjB1FSWbTN77J69A,DU EDUCATION SRI LANKA 🇱🇰 ,Education,,668,below_threshold
UCouDv8edO10CplssygnlMfw,IMC Education - Study Medicine,Education,LK,1780,below_threshold
UCADvLsVJJpDXcNVO2uYrHNA,Expert Sri Lanka,Education,LK,1350,below_threshold
UCxQAU19ut_z_485jpcPvMhQ,Higher Education SriLanka,Education,US,127000,mega
UCkTcRd7oWWTbDBKFwIaSX0Q,DP Education - IELTS,Education,LK,186000,mega
UCPfyJ8ACV1DXh_6Yx68IxhA,DP Education IT Campus ,Education,LK,116000,mega
UCkpPjuYaBYD3-PMU_9lL8kw,Uplift Education - Sri Lanka,Education,LK,12800,mid
UCFDnbOsMMforDuli8Lm8Zaw,E Education Sri Lanka,Education,US,77700,mid
UCCY9JH9HJoXtuBdXaGeN06w,ILTS Overseas Education,Education,NZ,55600,mid
UCah-EdADo1s1jEPNMM0WvLg,Sri Lanka Education,Education,LK,7470,small
UC9jFFLKWirEIBYMPHtjcJmA,Sinhala Education TV,Education,LK,2450,small
UCwfYwMMgj80VIW8fHH-Q42g,NCC EDUCATION_SRI LANKA,Education,LK,2280,small
UCNTW8SxukAe8X2KKQZkvyWA,SL Education,Education,,7760,small
UCutW5lD0YQUD8Z3xMKBkv1Q,Ministry of Education Sri Lanka,Education,,3180,small
UCu7BL-lajtjd42QuNqV3kiQ,ATN Education,Education,LK,5290,small
UCuw8HxsyF6wUeptyhhZaB6g,Education Lanka,Education,LK,5990,small
UCmvrdaSYX8PlZO09bHDp4PQ,FREE EDUCATION SRI LANKA,Education,LK,4050,small
UCLkc4K5KgT0zqcT0x4uXX7Q,Mercy Education Campus,Education,US,4830,small
UC2ya22E7myYwZB4BPbUsPtw,Sri Lanka Cricket Coach Education,Education,LK,5400,small
UC86pHmODF9apAFq1YT_XeGQ,Sri Lanka Entertainment,Entertainment,LK,3,below_threshold
UCutmrRvwb1ec4FmYIXb7odg,Sri lanka Entertainment,Entertainment,,2,below_threshold
UC-7c9Ec5rOJix7uYJ0dIrLg,Sri Lanka Entertainment,Entertainment,GB,,below_threshold
UCk6PiraWxQbeBL1ytayDvRg,Sri lanka Entertainment,Entertainment,,8,below_threshold
UCt_Hj_EozsfqDjJtH1nroMA,StepUp Entertainment,Entertainment,,1230,below_threshold
UC12ZTj8klKOLs6vmJO_vWkQ,Anythink Podcast,Entertainment,LK,1300,below_threshold
UC_q4jmKoF4FfB43jwAqpm2Q,Skylark Entertainment,Entertainment,LK,440,below_threshold
UCJxxOxh6KlP2DWU-ZPyXgFA,Sri Lanka Entertainment,Entertainment,,14,below_threshold
UCdCKUb2qzd7nxVqqg2LJhfQ,Sri Lanka Entertainment,Entertainment,,1,below_threshold
UCvjcP_89diqstHtrN3BNZGw,Sri Lanka Entertainment,Entertainment,SG,1230,below_threshold
UCYXgAIF4A6Tm5-kzKR_UbDA,Aura Lanka Entertainment ,Entertainment,US,235000,mega
UCrWPzTW4EjXNQGcCkCfOvog,Sri Lanka's Got Talent,Entertainment,LK,261000,mega
UCjnltM-l0BRyM0b8cGkxMfQ,M Plus Entertainment,Entertainment,LK,161000,mega
UCiAlcS7ZQ1S2EVfQurwHNeQ,Fusion Entertainment,Entertainment,US,197000,mega
UCQTcNhAZidy1i9wwmdgf2Lw,ITN Sri Lanka,Entertainment,LK,3240000,mega
UCu_ocDeJ-wty_Y1IiittaBA,Swara Entertainment,Entertainment,LK,643000,mega
UCcspHoBTj_aLhnJLwkMpWHQ,Hiru TV Sri Lanka,Entertainment,LK,870000,mega
UC_6e-ANbZ69uMjNSieyJMWg,Sathees Entertainment,Entertainment,SE,129000,mega
UCe13xXtdfx_n0_z1qeXV6_g,M Entertainments,Entertainment,LK,1250000,mega
UCqYbN3HxOBbS83G_9DSpJBg,Prime Time Sri Lanka ,Entertainment,,25600,mid
UCUuFKRtJqnTVb0aFfvpvBFA,Taxi Entertainment,Entertainment,LK,41800,mid
UCVtN3WEHpyEjkNReNoS0GXA,Cinemaya Entertainment,Entertainment,,5680,small
UCv6i_DulDqUdCHhqhwCIFbQ,Showtown Entertainment,Entertainment,,6450,small
UCoHTHwaazYI8cCXxNdLY44w,Prizma Entertainments,Entertainment,US,3100,small
UCIWwramZAbndPTyFIMXWXlA,lankaglitz,Entertainment,LK,9160,small
UCu3igb8dH2PzKP-xU-NIU3Q,Short Film LK - Sri Lankan Short Films,Film & Animation,,32,below_threshold
UCULLgccYKUAws_CL3H6PIMA,i short films,Film & Animation,,6,below_threshold
UCwG57eRV0mV1ZYQW7Bzw5FA,6FRAME FILMS,Film & Animation,LK,178,below_threshold
UCuJLg7YlSkPZgKTiVNkwxYg,Disney Cinema,Film & Animation,LK,1510,below_threshold
UCsac4rjgoKC4na1GS1bgS8A,Short Film Studio SL,Film & Animation,LK,315,below_threshold
UCbB5F51uOdUh4ZJLCDgl5JQ,2N Production Short Film,Film & Animation,,102,below_threshold
UCik3pTZ77fyuCiuflszLf3Q,Short Film,Film & Animation,,10,below_threshold
UCKjCD_fRV6RfcKv8I9dYA2A,thine short films,Film & Animation,LK,804,below_threshold
UCdyQzIFaYWsep5HLb8fNmOw,THEE THAMIZHA Film production,Film & Animation,LK,33,below_threshold
UCgUTjskRXI38KbDqwsuXZMA,sri lanka short films,Film & Animation,LK,35,below_threshold
UCTfmp7vG6zJ5W5k2eDOIwcQ,Galiver Films,Film & Animation,LK,401,below_threshold
UCQTcNhAZidy1i9wwmdgf2Lw,ITN Sri Lanka,Film & Animation,LK,3240000,mega
UC23xOSeqSr40JFEOkohtAGQ,A For Apple - Mini Series Headquarters,Film & Animation,LK,114000,mega
UC-a-_lRwEl557nBTT_YbSOw,Avi production ,Film & Animation,,211000,mega
UC-0Mao449ypwT0j6O4Dq1kA,Short Film Sri Lanka,Film & Animation,LK,180000,mega
UC5R7F4Mw_ZV1c4tYe4UKLIg,MCC Prime,Film & Animation,LK,309000,mega
UCYFn7BOOlmL21iNJ6q5IDfg,Lochi,Film & Animation,LK,2170000,mega
UCKlMH-sh_4_2NewOP-VeJAA,BLACK CHILLIES FILMS,Film & Animation,,81400,mid
UCmbvStroxG2ia5GDytTr0xA,Creative Films (SL),Film & Animation,LK,20800,mid
UCmnI3z49QvFzLWpNwIgeuBA,RED Films,Film & Animation,LK,24100,mid
UCY8-WqzL7Mo6WHYyn2IHCUQ,Marvelous Films ,Film & Animation,LK,23100,mid
UC6B3Qvye0VmLOXRPusbGF1w,Chathura Anuradha AI Films,Film & Animation,LK,2660,small
UC0-zTfuUxX2VOt0n7Asg7Cw,Dinusha Chamikara Films,Film & Animation,,2930,small
UC7I4zfD2OOPZeY0cR7036DA,Sri Lankan Youth Films,Film & Animation,LK,5380,small
UC6b5W9oT4CKgeI3jdDwtlZg,Ghibli Short Film SL,Film & Animation,LK,3760,small
UC89l05DO86CxEiw7ig-_RFg,Sri lanka Gaming,Gaming,,,below_threshold
UCXsHNGxFxeBjI9YIvs8bHUQ,Sri Lanka Gaming,Gaming,US,63,below_threshold
UC44raEuXGEKA3h-pYhF4z3w,GAMING Killa ( Sri Lanka ) ,Gaming,,17,below_threshold
UCmwIKQQjwpjNT8OQ_VZuRfg,ROBIN GAMING Srilanka,Gaming,LK,1230,below_threshold
UCnRg3w-mhthPX-3Wa1cAKDQ,GAME IN SRI LANKA,Gaming,LK,1,below_threshold
UCDy_4pOSKVuu7pRqar-LJ2g,sri lanka Gaming,Gaming,,59,below_threshold
UCTv92gjQo4ssFATh-h4aPAQ,Sri Lanka Gaming,Gaming,,5,below_threshold
UCkfAQ4NJYNLemEFD5wtZ_mA,Sri lanka gaming,Gaming,,5,below_threshold
UCo_1BrdbPqylD0YtSR4vpJA,Sri Lanka Gaming,Gaming,US,5,below_threshold
UCsaRAkUFf4TxNXWKL9xWfAQ,Sri Lanka gaming,Gaming,,,below_threshold
UCoNaQS6wefjNVFkwvxrzAYw,MR BRO,Gaming,LK,161000,mega
UCwSgDoYDXzV8-1L_M4kGZgw,Lankawe Kollek Gaming,Gaming,US,101000,mega
UCBR9iW2qo_7LP9_9u3A2ZeQ,Gaming Sadu,Gaming,LK,360000,mega
UC_Yt4EUT5dtwOxMm6sheYrQ,BAT GAMING Cricket,Gaming,LK,371000,mega
UCI-teIr7yMeLi4Z3LW4LNRg,ChAbhi,Gaming,LK,175000,mega
UCPBzejSb3mj_2xRh_VdIiEg,GAMING - THIWA,Gaming,LK,220000,mega
UC9njmypEq3Xz06jbUJ-85vQ,Gaming VENOM Sri Lanka,Gaming,LK,117000,mega
UC1dfhQyj962rwYPVLi3OHLg,B I L L A,Gaming,LK,708000,mega
UCTBrMrm0PhvVK9-9gXglHlQ,GAMING SALLA,Gaming,,62000,mid
UCcFyjFWJPQ3YA1-BMnmwkhQ,Ghost GamingYT,Gaming,LK,44100,mid
UC9raKgVLTsFZESP50D20WLQ,DC Games,Gaming,,38900,mid
UCZx_rLvu8LnD3F_RRnnuiNA,Laahiru Gaming,Gaming,JP,77700,mid
UC5tvvOwJnfs02oYOpcCMPsg,DON WITH GAMING ,Gaming,US,9210,small
UCpoFVjuq1ALkaLXUCpn_GuA,GAMING LANKA,Gaming,LK,2180,small
UCvpBDvYMqnaLEcPTcDGyhrw,PRO GAMER SRI LANKA,Gaming,LK,5120,small
UCL9E0-BwLSqG91inJXO2KFw,Lanka Basics,Howto & Style,,158,below_threshold
UChFiF5ZE1HilSqPbikJJmjw,සියම් Lanka Fashion ,Howto & Style,LK,52,below_threshold
UC66t_9c8V0TOS01oAIUadUA,Simply Sri Lankan Cooking,Howto & Style,GB,1800,below_threshold
UC7onZMvr2bMlVFTDoQ42uWg,Minora,Howto & Style,LK,,below_threshold
UCyLPS7K-lTLkGN9jFQpLobQ,Sri Lanka In Style,Howto & Style,LK,643,below_threshold
UCHQm7mxlXXnayh5ODkuO2ag,Beauty of Sri Lanka (Ceylon),Howto & Style,,905,below_threshold
UCj65mbdvnmBBHB_J3tOIbJA,Manu Dress House,Howto & Style,LK,53,below_threshold
UCSIgjtXXpyolltPDTzqxUwA,Tamil Pragnancy Tips Sri Lanka style,Howto & Style,,2,below_threshold
UCcGoqghUKZHjy0kXlMnPTUw,Shayon'style,Howto & Style,IT,105,below_threshold
UCCWn6cB41Vl8vvOA6dHax7Q,MS STYLE,Howto & Style,,45,below_threshold
UCBNJ4kgU50e009uZuYOl5Zg,Style Corner,Howto & Style,LK,4,below_threshold
UC8fVpw5S4EjxrekXB4ccGKQ,Sri Lanka Style Guide,Howto & Style,,1690,below_threshold
UCRsECXIQTap8RFwceOv9wEw,Simply Sri Lankan ,Howto & Style,,,below_threshold
UCY3m0eEHCa7Dmre0JJ33yFg,Fashion with Ashen,Howto & Style,LK,612,below_threshold
UCWPU_u76FbVgfqaANTsBV0g,Hello Ladies Sri Lanka,Howto & Style,US,277000,mega
UC5IWuuxc1pjmLYfSvTOC14w,Pelicut Sri Lanka,Howto & Style,,400000,mega
UC-t7Vw_L9ORj7gvyGUOaeSg,SL fathima's life style,Howto & Style,LK,164000,mega
UCsm5Wj-HmSj7D0nmXV88J3g,Men's Fashion SL,Howto & Style,LK,215000,mega
UCh-cPhwaVIJTFLMq0ZNf-hg,"Cheyche - Fashion, Lifestyle & VLOGS",Howto & Style,LK,87500,mid
UCz_nCLpFKAAwoSTKamwIszQ,Offmarks Sri Lanka,Howto & Style,LK,70100,mid
UCvpwlrT3IplPaz8ToRUF8BA,INDU'S CHANNEL ,Howto & Style,,16700,mid
UCTHQT60EJCkIUbuzJsCqMIA,NS Fashion Sri Lanka,Howto & Style,GB,33100,mid
UCTPWpvv8JwKhKdvuJ322X4w,Fashion Talks,Howto & Style,GB,60100,mid
UCy2K3HtR-SrkvuMUYI-1bMQ,Sri Lanka Fashion,Howto & Style,LK,5150,small
UCc_K7MQbwIm7zB0BpsFqgfw,GLOW sri lanka,Howto & Style,LK,4750,small
UCU3ODqYZ5SyLxsykHZ7-8iA,MUSIC LIFE SRI LANKA,Music,,1720,below_threshold
UC6wvfVVgmnsMUlhfYCv64Gw,Mihiran,Music,LK,337000,mega
UCKiM9yqP5_cLdfZB9SEUSRQ,FREEZE,Music,LK,172000,mega
UCe13xXtdfx_n0_z1qeXV6_g,M Entertainments,Music,LK,1250000,mega
UCuegUX8Z2TacSNxwCjkO6fg,Music.lk,Music,LK,605000,mega
UC8Z-aOFJe-SmwXFRobzs0QA,Infinity,Music,LK,531000,mega
UCg3AbjHVh8EwA-Z7bll9YFQ,AVATAR BAND SL,Music,LK,284000,mega
UCJsN1Mmx4GRA6sCYdfKqpSQ,Sandaru Sathsara,Music,LK,1950000,mega
UCn-stEWtqrcZqVZM0_PixmQ,Ants music,Music,,35100,mid
UCibcGJ6JBWhPxqTTX9PJNRg,JCR lanka music,Music,LK,63000,mid
UC6YskSjbx6ejLZxlw0ou7ug,LiveFM Sri Lanka,Music,LK,11100,mid
UCNhBV-PefAMUk-OCW-z6JdA,Rock Sri Lanka,Music,LK,61900,mid
UCJHZRFwvhHvQVF_40RB2mfw,Sinhala AI Music Pro,Music,AU,36400,mid
UCtj1d1Z350r6N0-5wqu88sg,WIFI MUSIC BAND,Music,LK,27400,mid
UC3S32URqLCYK2_AW5lbiiMw,PointFive Sri Lanka,Music,LK,72100,mid
UCOGqY1GxiXCSP8F9pSqMHFQ,Misty Sri Lanka,Music,LK,10600,mid
UCUuFKRtJqnTVb0aFfvpvBFA,Taxi Entertainment,Music,LK,41800,mid
UCU48OVhchUMpccwqm0GcnYw,Milton Mallawarachchi - Topic,Music,,24200,mid
UCoDhDkCDlbpzvrEF-oUfhjQ,Harsha Music,Music,NZ,85400,mid
UC6fEFMQGgfidu6ygyympIVg,Wanted Band Sri Lanka,Music,LK,37100,mid
UCWV7TQNUqSAg9o9VMMoScUg,3D MUSIC IN SRI LANKA,Music,GB,11200,mid
UCGlQBbvBkJ1IKWUeGMpbebA,Sunil Perera - Topic,Music,,3770,small
UCi-0a9mB6fyklrcBRXa_oWA,BeeZ,Music,,7890,small
UC6N3Hr8W82F7JrbplVMHogw,Yamaha Music Centre LK,Music,LK,9790,small
UC4qtIvy_0qYLvRH1yDtZlVA,2FORTY2 - Topic,Music,,2790,small
UC-Xj0qPgOHLTuY6WBHTQZjg,Sri Lanka News,News & Politics,,56,below_threshold
UCdX5yZEIb4vhkIWSpheXT8g,Sri Lanka News Hub,News & Politics,,1610,below_threshold
UCafYOro0A5GJOp-KrVRDvcQ,Sri Lanka News,News & Politics,LK,113,below_threshold
UCIGJVuPqeAFIuKne4G8Wv2g,Sky News Sri Lanka,News & Politics,,16,below_threshold
UCEmpXzM-MOJMHaT5UsVfaEg,Sri Lanka News,News & Politics,LK,16,below_threshold
UCF11-Puqxb0jdeWNc7F_Fcw,Lanka Hit News,News & Politics,LK,1240,below_threshold
UC77Hynm5dzYFLYqB8kXrW8Q,Sri Lanka - News,News & Politics,,9,below_threshold
UCTPVqR0i3JamDM5i27Z8LIA,Dubai Lanka News,News & Politics,AE,1800,below_threshold
UCgnFSj7jQffD5V5m05j4dPw,Newsfirst Sri Lanka,News & Politics,LK,3150000,mega
UCExEH_AcfrEU4s5zobFZaSQ,Lankasri News,News & Politics,US,790000,mega
UC12Ujt77-UFGXPAalKwuXDg,Lanka News Web,News & Politics,LK,101000,mega
UCcg4tDKgPLIc_x3lhWdogLg,LankaAnews,News & Politics,LK,810000,mega
UCcijXxFzSXgoM6q9cCtT9PA,Swarnavahini News - Live,News & Politics,LK,287000,mega
UCQTcNhAZidy1i9wwmdgf2Lw,ITN Sri Lanka,News & Politics,LK,3240000,mega
UCT83ymyAGm7Gnk_4ifxjxIA,Sri Lanka Rupavahini,News & Politics,LK,1650000,mega
UC8lKgUHo-2mSR5cRRXO9xow,Siyatha News,News & Politics,LK,614000,mega
UCqrqt9Egbp4Voh3iEUUoorw,ITN News - Sri Lanka,News & Politics,LK,131000,mega
UCXVKlt8ddkf0zwc5X8UNTlg,Lanka Real News,News & Politics,CH,360000,mega
UCKI1D0lOG49rkpzcQ5bamHg,Lanka News Diary,News & Politics,LK,29100,mid
UCBf2SFtVDyQEHqEVJUqlCjA,Lanka ABC news,News & Politics,LK,70900,mid
UC_-PiJAV3gfbR-jBD6iUqEw,Lanka e News,News & Politics,LK,23800,mid
UCPgJzT7tvoFHE68-w4x80zg,Ravana Lanka News,News & Politics,LK,2410,small
UCB6Z-xT7HtZRlCzLFQeX4xw,SRI  LANKA NEWS 3,News & Politics,,5350,small
UCn39xNZ42C93DHXbbRH2mgA,TJ News Sri Lanka ,News & Politics,LK,7440,small
UCFZkc1YeDxidgnpD7fqO1Lg,Lanka politics news,News & Politics,,2640,small
UC-1uJQliiQgu8WH0II6TmTw,STEMUp Educational Foundation,Nonprofits & Activism,LK,745,below_threshold
UCZm-IhRPljjZGwWzQcODZaw,siri gunaruwan sisu diriya foundation,Nonprofits & Activism,,19,below_threshold
UCcXScMeXtgXvFUIYgHt0Z_A,United Volunteer,Nonprofits & Activism,,7,below_threshold
UCD_A7rY9eT4kWq0GNcfSxqQ,SLYO - Sri Lankan Youth Organization (SLYO),Nonprofits & Activism,US,149,below_threshold
UC25jwBfMrk9HxBCN1qommlQ,Satva Fund,Nonprofits & Activism,,4,below_threshold
UC5AaKZeGxH_AWbJhYFzcmhQ,EQUAL GROUND,Nonprofits & Activism,,762,below_threshold
UCFQtKhoXfxAkzmrmPE9oLjQ,Gamhewa Foundation,Nonprofits & Activism,,2,below_threshold
UCvpo0a2H1M5Hyqxz9yN8egQ,SLP Toastmasters Club Dubai UAE (Sri Lankan Club),Nonprofits & Activism,,62,below_threshold
UCrOF7SQuKTBK5dEKHbjU8RQ,CPDWA Kandy,Nonprofits & Activism,,4,below_threshold
UCiFgXNrYONEvGd6fHeG3zUQ,Light for Life - Sri Lanka,Nonprofits & Activism,LK,41,below_threshold
UCqysIMqSFr_2tbqTuwIGnVw,Hospital Services Support Foundation - HSSF,Nonprofits & Activism,US,24,below_threshold
UCBrKnpC0kI-iFbiWY2dHGZw,Gamhewa Foundation,Nonprofits & Activism,,1,below_threshold
UC-EiYt9GrAfNto3fxugzgJA,intheirshoes_lk,Nonprofits & Activism,,22,below_threshold
UCLR00EGBDg_6l20aeCOFb3A,Sri Lankan Travelers,Nonprofits & Activism,,34,below_threshold
UCYOgy5nRapl4Hy8q2Be6IQA,shalika sandaruwan,Nonprofits & Activism,,1,below_threshold
UCqQYbw8rgQ_p4jYBrk168Mg,MoodNomad,Nonprofits & Activism,LK,725,below_threshold
UC9swekh732mqNnFzvGGgz5g,FAMILY WELLBEING CENTRE,Nonprofits & Activism,,11,below_threshold
UCLWR19A7YWy9VMN_iZW7swQ,JAFFNA MUSLIM ASSOCIATION UK ,Nonprofits & Activism,,110,below_threshold
UCYTarPF4iAHd_YRhPsND0kg,BCIS LKA,Nonprofits & Activism,,1260,below_threshold
UCjGq_2qhX-nEYtMzjg6_YIA,Voice of New Life Temperance Ministries,Nonprofits & Activism,LK,52,below_threshold
UCxi9YcUZtUY_-ZfRKgHVjMQ,FEED SRI LANKA,Nonprofits & Activism,LK,3,below_threshold
UC4q8VVq5HMJmXRjZ7QZwVmw,IQ Centre,Nonprofits & Activism,LK,39200,mid
UCdmS1jq-jyc9qfkhMXyvU9w,Follow The Heart - GO VEGAN - DVA Sri Lanka,Nonprofits & Activism,LK,3150,small
UCobrTEykjSq3bQcvPQCtZGQ,The Asia Foundation,Nonprofits & Activism,,5290,small
UCdrqVgltyvpK7zIxy3hX2sw,Sri Bodhiraja Foundation,Nonprofits & Activism,US,2530,small
UCvy3BTwyw2bZwQMlCTE8PWA,VISIT SRI LANKA VLOG,People & Blogs,,,below_threshold
UCLc1xgiAaIecWUs1Nqgz_GA,Travel Sri Lanka Vlog,People & Blogs,LK,41,below_threshold
UCiSnpHDX_q47A5PJycOkflg,shana vlogs(srilanka),People & Blogs,,73,below_threshold
UC2VxdMY2G0Qab-nI4ufkBUA,Srilanka Vlog,People & Blogs,LK,37,below_threshold
UCFSkBRHrYDfJJCa5-Y_-zww,Sri Lanka Life Vlogs,People & Blogs,LK,10,below_threshold
UCBpcq0DxCmkvzXUgKwBh26w,Suren VLOG SRI LANKA,People & Blogs,,91,below_threshold
UCGTgljmxkh3paMNJ73j---w,Sri lanka vlog ,People & Blogs,,72,below_threshold
UCL8iBSo466DB-RV7CGUhqLA,Rose life in Sri Lanka vlog 🇱🇰,People & Blogs,CH,712,below_threshold
UCzmfyGW0j33HPvGb3hOEIiA,sri lanka vlog ,People & Blogs,LK,2,below_threshold
UCdB0sMRIMZqUnkSgZALy4Vw,VLOG Sri Lanka,People & Blogs,,2,below_threshold
UCzjHjhJhnWmsMF8BOuqUY2Q,Sri Lanka Travel Vlog,People & Blogs,,9,below_threshold
UC0vBngWJ8AZ6oS2sj_ElcfA,Lanka Travel Vlog,People & Blogs,,297,below_threshold
UCs4q039XrECMuEDL7IDfKcA,A Sri Lankan Travel Vlog,People & Blogs,,2,below_threshold
UCILC3wswMKAkT8GNs9Jzppw,Sri Lanka Vlog,People & Blogs,,4,below_threshold
UCh3ACc11ECpUWZKnagOgEbQ,Sri Lankan Travel Vlog,People & Blogs,LK,8,below_threshold
UCei2BoMue4c0W5FFf-YGkbQ,Sri Lanka Travel Vlog,People & Blogs,,37,below_threshold
UCae3HUL3Xp8gBM4i1gLrE5A,Sri lanka vlog,People & Blogs,,6,below_threshold
UCgMhQ6pyGiOyDZYWVByxrow,sri lanka vlog ,People & Blogs,LK,1,below_threshold
UCPcIGFWTv8WpLQI2OBt2scw,Lanka Vlogs,People & Blogs,US,1000,below_threshold
UCiaD_MM6omMaxjTANcNPIeQ,Sri Lanka Cricket Vlog,People & Blogs,US,243000,mega
UCjzTnRl0ujdKwTh7KHxYCKg,Rj Chandru Vlogs,People & Blogs,LK,712000,mega
UCR4TNhT3Bers8lIfmIucY7Q,SK VLOG,People & Blogs,IN,208000,mega
UCcJpqRpi5w9OV11xtYgUSUQ,Jesi Vlogs,People & Blogs,LK,121000,mega
UChrXmunslU0Xg7MVsJs5Kkg,Chanuu Vlog Srilanka,People & Blogs,LK,2070,small
UCLX_fPa06Kvk32tpcQmCBiA,UK Vlog Sri Lanka,People & Blogs,GB,3200,small
UCukhRZKWroIcQ7MLcWJ5Ijg,Pet Masters Srilanka,Pets & Animals,,434,below_threshold
UCpa9cv6AMWHYDCr2l2jKWuw,pet lanka,Pets & Animals,,1760,below_threshold
UCkZN_7yb7-ChHgykLKDnf8w,Pet Express - Sri Lanka,Pets & Animals,,727,below_threshold
UCTcPaigvlYda4tIQL-IMamA, Hamster Sri Lanka,Pets & Animals,,483,below_threshold
UCfXH0RAmLVMOH5noDaUDiUg,Cute Pets in Sri lanka,Pets & Animals,ID,93,below_threshold
UCUj4dhVrw13lR0jma_BTQ7A,🌍LANKAN PETS🌍,Pets & Animals,GB,51,below_threshold
UCTyhXdRpklIpK8F8ZqTG5cA,Beagles In Sri Lanka,Pets & Animals,US,882,below_threshold
UCzcBz-pV8L25_zJZmzSDEJw,sri lanka pets,Pets & Animals,,29,below_threshold
UCT9teBBn6X0wMB_F3767wMQ,sri lanka pets,Pets & Animals,,4,below_threshold
UCrD9Obf9n-hXg2MuS4IEpkg,Pet lovers Sri Lanka,Pets & Animals,LK,110,below_threshold
UCl72Edycxp0eF0DlxdQFfTw,Paw Paradise Sri Lanka,Pets & Animals,LK,508,below_threshold
UCpt4nFV6OXyhpMAPfmYEcMA,Sri lanka Pet fun,Pets & Animals,,57,below_threshold
UCdIJjJBHtOG_nEXEqzQB9dg,dr.kennel pet care Lanka,Pets & Animals,,790,below_threshold
UCdFAl3bZf7bi7A5HX7USKzg,Pet Talk,Pets & Animals,LK,458000,mega
UCJPbMQYL6VewUfp5TJK8lqQ,FPB favorite pet book,Pets & Animals,LK,113000,mega
UCzTMshe6DSBIwaQhvz8gWcw,Royal Aquarium & Pet Accessories,Pets & Animals,,40000,mid
UCgk1kT97AePkRpzM63WENiw,The pet Bro,Pets & Animals,LK,19200,mid
UCO1D6O3Pi6bJjZ3xsrWQvRQ,new pet LK,Pets & Animals,LK,27000,mid
UClW83ZfQ8OMetar5W82KlJQ,Ceylon Wild Media,Pets & Animals,GB,62200,mid
UCRx8nx_KDI-pPsAGfZBAtLw,Royal Pets,Pets & Animals,US,12600,mid
UC8Y-LGE9ZKpa53aM3zzBryg,Pet Birds Sri Lanka Channel,Pets & Animals,LK,2470,small
UCR8rmSZQ1BD-8CZJAtMdl5Q,Pet Care Sri Lanka,Pets & Animals,LK,3340,small
UCLwYgmGWyLF4uCjGtnfMRSA,SRI LANKA PETS LOVERS,Pets & Animals,US,3700,small
UCztplFDaxaWUs9VUCAhuGLg,Animal SOS Sri Lanka,Pets & Animals,GB,4180,small
UCxfEU1BPJRzkxoqG7C4vPZQ,Petbarn Sri Lanka,Pets & Animals,,3660,small
UCLlqXoeO3mFBzsw8e5sIXcg,Technology in Sri lanka,Science & Technology,MY,3,below_threshold
UCNSOxOiHIRnwNdthadSaRUg,Epic Technology Group,Science & Technology,LK,698,below_threshold
UCxZsFXYRrOpJ1O0pUPOoPOQ,Sri Lanka Institute of Nanotechnology - SLINTEC,Science & Technology,LK,1380,below_threshold
UCD-i6n0qFPs2LBY-M8no_5w,HCLTech Sri Lanka,Science & Technology,,77,below_threshold
UCe5VGDq_lkGVYr3nmvV_58Q,SLD Technologies,Science & Technology,LK,27,below_threshold
UCZanwUhiFygrMk2VuY0R_Cw,HCLTech Sri Lanka,Science & Technology,,1100,below_threshold
UCrfoiqyteojNL_0lnhw2rBw,Technology sri lanka,Science & Technology,LK,5,below_threshold
UCX2eka1drU0JBBzSf5YjEtQ,sri lanka technology,Science & Technology,LK,3,below_threshold
UC1I05rUHieOHqgmRtZ9iVQg,Technology Sri Lanka,Science & Technology,,8,below_threshold
UCNSpJOirSZwf7-b2WUx5TqA,Mr. Tech Sri Lanka,Science & Technology,,487,below_threshold
UCKdcnFiAItpjv6gwKc3z8mQ,Sri Lanka technology,Science & Technology,,182,below_threshold
UCIN4Wu4S3RYlK_YF7siz73g,LIFT - Lanka Institute of Fashion Technology,Science & Technology,,443,below_threshold
UCQZguTJP4Dl07aISr8rFRNg,Ministry of Technology - Sri Lanka,Science & Technology,LK,195,below_threshold
UCX_WvDT98BsYVVFORIyy48w,Industrial Technology Institute (CISIR),Science & Technology,LK,424,below_threshold
UCOYVlEvf-f9e4UCdVojIVUQ,NextGenICT-Sri Lanka,Science & Technology,LK,18,below_threshold
UC02DMFclK9vaEdOIKSiaNkA,Informatics Institute of Technology (IIT),Science & Technology,,108000,mega
UCmEmgePOqMEr7-yIULWgMQw,Power Srilanka,Science & Technology,LK,41000,mid
UCjCokZPTSqgMhYO8ZWinhTA,Technology LK,Science & Technology,LK,59100,mid
UClu5bSQwA6D9uat64pGt3FQ,Samsung SriLanka,Science & Technology,LK,16700,mid
UCQ4H3usLeUebgaFF7Rt53MQ,Java Institute for Advanced Technology,Science & Technology,LK,12100,mid
UCpGA5dPpCP2t4TB1tHm0SYw,SLTC ,Science & Technology,,13500,mid
UC_OuIGV2tOVtq3CwMhMdupQ,Hikvision Sri Lanka,Science & Technology,LK,9920,small
UCVeVvucWmaoYWcFVhZzNIJg,Institute of Computer Engineering Technology,Science & Technology,LK,4680,small
UCv7i7wluqV3mi9UUUMoQHdw,Sri Lanka Institute of Architects,Science & Technology,LK,2000,small
UCJuZvnYwUZJwtrRGL69rYSw,JLanka Technologies (JLanka),Science & Technology,LK,4960,small
UCHl6jNL-KYrDnkxOiCZnnew,Sri Lanka Sports,Sports,,3,below_threshold
UC3sbcH3_WB9Hnyg4U4Kl12Q,Knockout Sri Lanka,Sports,IN,1190,below_threshold
UCTNRoBJMPS0AdVUSsAs8tdg,SLW Sports Sri lanka,Sports,,218,below_threshold
UCO96ubUw1m_PD6Ay8xoSKUQ,Sri Lanka Sports,Sports,LK,468,below_threshold
UCU0DySW9jE9BNOVKGS8Lbqg,Sports Lanka,Sports,,4,below_threshold
UCmRi6WxTmNsHGRsLCI_h4aA,Lanka Sports Plus ,Sports,LK,765,below_threshold
UCxjGxOA9N2WbK3o-b30i28A,Lions Sports Club,Sports,,115,below_threshold
UCiBBfglX-ZdwIwGPmtdlQag,Sri Lankan sports,Sports,,4,below_threshold
UC7tJl7GBNv22uLqqHGE3hpw,Sri Lanka Sports,Sports,,2,below_threshold
UCZTkDIurWDElInXA0Q8VCrw,Vmax Sports,Sports,LK,105000,mega
UCJA-NQ4MtcRIog66wziD8fA,Sri Lanka Cricket,Sports,LK,5740000,mega
UC7uW12e8iBbt6mE_uaKVc6g,Supreme Sports,Sports,LK,32300,mid
UC7di5zivMKpYOmhyhZ2nVvg,Rj Chandru Sports Feed,Sports,LK,18800,mid
UCXm0FsS7PXy0w5HeOkYMi7Q,ARV Loshan Sports ,Sports,LK,88300,mid
UCrcATWZGF_p53r38i6VK0eA,Sri Lankan Sports TV,Sports,LK,11700,mid
UCNh-AvuiW0Z0t29vBfKe9tQ,Outdoor sports in srilanka,Sports,US,22700,mid
UCHySsgSdKQ3Ssq7lEN4i2-w,Ceylon Sports,Sports,CA,67000,mid
UCl4MonVoWRx3HqAh3Efw2Jg,Football Sri Lanka TV,Sports,LK,65500,mid
UCaNgfURBLtV2fZJaJo0yBiA,Elle Sri Lankan Sport,Sports,LK,51900,mid
UCKmYdmWel_Wkei2ug3_dSCw,Lead Sports,Sports,LK,5690,small
UCSkpJQAfQOk3G_h3H1oRrlQ,Synergy Sports Club,Sports,LK,2020,small
UCV4GLFGsZIw1bDfqgzlLNeA,TalentTV Sports,Sports,LK,4860,small
UC0lAH5bXV9c62pXgnlmybug,Sri Lanka Athletic,Sports,US,3850,small
UC-TPAJpit-cnGUG-zWliKFw,Sri Lanka Sports,Sports,LK,8310,small
UCMFrzlTx_VjoaVMKG8PVXTg,Racing Lanka Sports,Sports,LK,9340,small
UCFz02_SoVjsdDgo9Deo3pew,Hidden Paradise Sri Lanka | AI Travel Series,Travel & Events,US,14,below_threshold
UCzjHjhJhnWmsMF8BOuqUY2Q,Sri Lanka Travel Vlog,Travel & Events,,9,below_threshold
UCeB5trOKu6RhU2kNGvh88TA,Ceylon Travel Vlog,Travel & Events,,1360,below_threshold
UCei2BoMue4c0W5FFf-YGkbQ,Sri Lanka Travel Vlog,Travel & Events,,37,below_threshold
UC0vBngWJ8AZ6oS2sj_ElcfA,Lanka Travel Vlog,Travel & Events,,297,below_threshold
UCh3ACc11ECpUWZKnagOgEbQ,Sri Lankan Travel Vlog,Travel & Events,LK,8,below_threshold
UCRtUH8lxOVJnSq2yjHXUufA,Traveller Around Sri Lanka,Travel & Events,,24,below_threshold
UCYIDsYMpNDgbjUdTv8b_ywA,TizzyBoy Sri Lanka,Travel & Events,LK,51,below_threshold
UCN2GByhXeLkilxHV45JwA-A,Dinesh A Pathum,Travel & Events,LK,199000,mega
UCiOEgWwAKbfrVb795hqQc9A,Heshan Vlog,Travel & Events,LK,377000,mega
UCEHs7ymn9hxSJMHLlcFLj0w,Travel Today,Travel & Events,LK,454000,mega
UCGUyYpOkxJ3ZQKXKgoLo49Q,Travel in Europe(Norway Home),Travel & Events,NO,196000,mega
UC7hqTC-ChL-_PUKhctTt50A,Trip Pisso,Travel & Events,LK,451000,mega
UCjzTnRl0ujdKwTh7KHxYCKg,Rj Chandru Vlogs,Travel & Events,LK,712000,mega
UC7A7na9vLPoBUKmpnAYFLew,Travel with Balnur,Travel & Events,US,364000,mega
UCiJfplrc7idtWYpDsI325yQ,Travel With Wife,Travel & Events,LK,568000,mega
UCt-a9kmx77cM--JgPQHRqyg,Sheneller,Travel & Events,US,254000,mega
UCtVDQNGBmS8DTP5fPzM_GmQ,Poorna - The nature girl,Travel & Events,GB,1910000,mega
UCTi36zetYBtNR4MW2zSmPjQ,The Sailor,Travel & Events,LK,365000,mega
UCJY1-jawEq7c9U7mY6xA4vQ,Sri Lanka Tourism,Travel & Events,LK,23500,mid
UCz5VldG-q50ldO8dU7qio4g,Sri Lanka tourism hotels,Travel & Events,LK,13300,mid
UCu84Sz4SPM1Ceu-1youdCBw,Life Journey With Buses,Travel & Events,LK,31400,mid
UCM19g5ow7vLXDTYx_j9Z7VQ,Travel With Husband,Travel & Events,LK,47700,mid
UCiN8pQvSxfW1o9TSZN8Bf9g,KELLA,Travel & Events,LK,61800,mid
UCnsXOugGbJdmmoeRXIw5qlA,LoRa's Travel Vlogs,Travel & Events,AU,16500,mid
