video_id,captured_at,view_count,like_count,comment_count,live_broadcast_content,live_actual_start_time,live_actual_end_time,live_concurrent_viewers
LJR5XmUzTts,2026-07-17T19:04:31.186387+00:00,44,0,0,none,,,
TzA6BZ0UZKs,2026-07-17T19:04:31.186387+00:00,804,2,0,none,,,
6Y6CFOJGdj4,2026-07-17T19:04:31.186387+00:00,12476,146,9,none,2026-07-17T01:01:02Z,2026-07-17T02:00:07Z,
tbqSqgxqFSU,2026-07-17T19:04:31.186387+00:00,125,4,0,none,,,
ZFehDfRMRT4,2026-07-17T19:04:31.186387+00:00,5930,73,0,none,2026-07-17T16:28:46Z,2026-07-17T17:12:07Z,
SFMrIUc72_Y,2026-07-17T19:04:31.186387+00:00,20284,795,1,none,,,
_WKfTA2EYTQ,2026-07-17T19:04:31.186387+00:00,815,21,0,none,,,
18iEkMVT3nE,2026-07-17T19:04:31.186387+00:00,294,6,0,none,,,
5r1ZDTG_OGo,2026-07-17T19:04:31.186387+00:00,604,32,1,none,,,
ZMgKuehXDhE,2026-07-17T19:04:31.186387+00:00,1294,31,1,none,,,
B2M6e14z_AU,2026-07-17T19:04:31.186387+00:00,3142,163,9,none,,,
nmPZvqcMp_c,2026-07-17T19:04:31.186387+00:00,4765,115,6,none,2026-07-17T13:30:06Z,2026-07-17T13:51:38Z,
EeCkVtqQ6uI,2026-07-17T19:04:31.186387+00:00,109,3,2,none,,,
J59FhF4buqY,2026-07-17T19:04:31.186387+00:00,3792,37,10,none,2026-07-16T18:17:22Z,2026-07-16T18:23:27Z,
FJJ2BIdve3s,2026-07-17T19:04:31.186387+00:00,693,7,1,none,,,
_ianYSYpImc,2026-07-17T19:04:31.186387+00:00,105,1,0,none,,,
YlNLTWRgvWI,2026-07-17T19:04:31.186387+00:00,373,24,3,none,,,
I6v1ht7ktsk,2026-07-17T19:04:31.186387+00:00,128,3,0,none,,,
82PbS78Hwao,2026-07-17T19:04:31.186387+00:00,938,20,0,none,,,
0ecOSM8Z6Zs,2026-07-17T19:04:31.186387+00:00,28,1,1,none,,,
XCrAHa6hRq8,2026-07-17T19:04:31.186387+00:00,1518,13,1,none,,,
FRXLofT8Huw,2026-07-17T19:04:31.186387+00:00,1386,39,5,none,,,
u-QKAk5AcFw,2026-07-17T19:04:31.186387+00:00,82,5,1,none,,,
eJYbVc9T5fM,2026-07-17T19:04:31.186387+00:00,210,1,0,none,,,
wuUOBHTgc-Y,2026-07-17T19:04:31.186387+00:00,31,0,0,none,,,
Mm2DLjdi3CI,2026-07-17T19:04:31.186387+00:00,3205,20,15,none,,,
5-907B1oVuc,2026-07-17T19:04:31.186387+00:00,878,6,2,none,,,
_YgwyVpAVRU,2026-07-17T19:04:31.186387+00:00,59,0,0,none,,,
iL2oyyNX03c,2026-07-17T19:04:31.186387+00:00,47,0,0,none,,,
6_S4SwXGmmw,2026-07-17T19:04:31.186387+00:00,806,21,0,none,,,
iz3YEHJ1ozU,2026-07-17T19:04:31.186387+00:00,99,0,0,none,,,
bCVaTFlhA6k,2026-07-17T19:04:31.186387+00:00,14545,184,1,none,,,
xkCuKtljLQg,2026-07-17T19:04:31.186387+00:00,370,5,0,none,2026-07-17T14:30:17Z,2026-07-17T14:59:16Z,
654Mv-lIp6Y,2026-07-17T19:04:31.186387+00:00,722,4,6,none,,,
VzsyEOioG3w,2026-07-17T19:04:31.186387+00:00,180125,4912,88,none,,,
SXzjzxoWKyY,2026-07-17T19:04:31.186387+00:00,157,2,0,none,,,
q3pNLaCB3Bc,2026-07-17T19:04:31.186387+00:00,4966,389,4,none,,,
avhIDHlmUCQ,2026-07-17T19:04:31.186387+00:00,159,1,0,none,,,
HrVe6FDETqc,2026-07-17T19:04:31.186387+00:00,909,24,0,none,,,
MYXqD3icmRE,2026-07-17T19:04:31.186387+00:00,2644,29,2,none,2026-07-16T17:10:36Z,2026-07-16T18:26:27Z,
r41D1w9Vy00,2026-07-17T19:04:31.186387+00:00,2731,72,2,none,,,
X3SxbaOGRWY,2026-07-17T19:04:31.186387+00:00,231,2,0,none,,,
0BOf4BZsLlA,2026-07-17T19:04:31.186387+00:00,5921,123,7,none,2026-07-17T16:27:36Z,2026-07-17T17:11:18Z,
KsUz-1Y5YeA,2026-07-17T19:04:31.186387+00:00,230,0,0,none,,,
6c4qpujcbgc,2026-07-17T19:04:31.186387+00:00,10920,245,1,none,,,
wXzZdB5TWhw,2026-07-17T19:04:31.186387+00:00,4344,53,0,none,,,
0PK_igMt2Vo,2026-07-17T19:04:31.186387+00:00,128737,4776,148,none,2026-07-17T15:45:06Z,2026-07-17T16:07:56Z,
6khqYTpjgCI,2026-07-17T19:04:31.186387+00:00,1410,61,11,none,2026-07-17T15:14:06Z,2026-07-17T15:31:37Z,
3eN8h-_xlJ4,2026-07-17T19:04:31.186387+00:00,288,0,0,none,,,
dQ4Q5mYVv38,2026-07-17T19:04:31.186387+00:00,743,7,0,none,,,
glBtukoqC7w,2026-07-17T19:04:31.186387+00:00,124,2,1,none,,,
XeQ60LlsXj0,2026-07-17T19:04:31.186387+00:00,815,68,0,none,,,
zfIb8h3ivt4,2026-07-17T19:04:31.186387+00:00,1237,9,0,none,,,
9Yh8XiObzmM,2026-07-17T19:04:31.186387+00:00,498,4,5,none,,,
rocN7FHW-0U,2026-07-17T19:04:31.186387+00:00,339,8,0,none,,,
uGXwAiSZ8R4,2026-07-17T19:04:31.186387+00:00,36081,1242,59,none,2026-07-17T16:00:07Z,2026-07-17T16:22:31Z,
6MohYExak8U,2026-07-17T19:04:31.186387+00:00,575,28,0,none,,,
9dA4ZJFCrBU,2026-07-17T19:04:31.186387+00:00,1212,21,0,none,,,
bihz7svTj0g,2026-07-17T19:04:31.186387+00:00,3209,50,1,none,,,
T3QpuLAaa6s,2026-07-17T19:04:31.186387+00:00,4068,33,1,none,,,
pHiSGvwRSgE,2026-07-17T19:04:31.186387+00:00,220,0,0,none,2026-07-17T03:02:24Z,2026-07-17T03:18:36Z,
9A2ZhPOAFX0,2026-07-17T19:04:31.186387+00:00,368,10,0,none,,,
9_P7ksX1-tM,2026-07-17T19:04:31.186387+00:00,57,0,0,none,,,
IbSPnidumjw,2026-07-17T19:04:31.186387+00:00,364,8,0,none,,,
jUYV5Qw6M8w,2026-07-17T19:04:31.186387+00:00,2140,31,0,none,,,
2WdflaMYw3Q,2026-07-17T19:04:31.186387+00:00,0,199,5,upcoming,,,
69dqAJ5asgU,2026-07-17T19:04:31.186387+00:00,267,17,0,none,,,
fwdCUXvK_Io,2026-07-17T19:04:31.186387+00:00,212,2,0,none,,,
t8OTtrQ9LgU,2026-07-17T19:04:31.186387+00:00,2717,29,9,none,,,
otI_UDz5zgQ,2026-07-17T19:04:31.186387+00:00,2428,92,17,none,,,
QKpZaBKKH68,2026-07-17T19:04:31.186387+00:00,62641,814,24,none,,,
wUfDliO8IiM,2026-07-17T19:04:31.186387+00:00,29905,1118,77,none,2026-07-17T14:10:06Z,2026-07-17T14:32:30Z,
gO1Y7NG8NPU,2026-07-17T19:04:31.186387+00:00,64,0,0,none,,,
CrYCln2QWfg,2026-07-17T19:04:31.186387+00:00,6213,205,4,none,,,
aX_iO_BiPh4,2026-07-17T19:04:31.186387+00:00,3827,92,1,none,,,
KcsTzsOAdhs,2026-07-17T19:04:31.186387+00:00,411,8,5,none,,,
Wff97vGkupg,2026-07-17T19:04:31.186387+00:00,5821,46,28,none,,,
u9lJD5ffEOw,2026-07-17T19:04:31.186387+00:00,1601,70,1,none,,,
6sICtkdHhLQ,2026-07-17T19:04:31.186387+00:00,222,4,1,none,,,
Llo_dT_e9Vo,2026-07-17T19:04:31.186387+00:00,35081,367,14,none,2026-07-16T16:25:51Z,2026-07-16T17:17:54Z,
HwTaYPUixYY,2026-07-17T19:04:31.186387+00:00,434,0,0,none,,,
Yb2B8LYh2MM,2026-07-17T19:04:31.186387+00:00,222438,3000,0,none,,,
wZn-gsLfSl8,2026-07-17T19:04:31.186387+00:00,195,2,1,none,,,
gX6PQb15HHw,2026-07-17T19:04:31.186387+00:00,410,4,0,none,,,
IKdlFu5nxco,2026-07-17T19:04:31.186387+00:00,113,1,1,none,,,
x6i1yvN9Vvs,2026-07-17T19:04:31.186387+00:00,235,3,1,none,,,
6enWlhhwXF0,2026-07-17T19:04:31.186387+00:00,1007,13,0,none,,,
YYpP-bLmYNc,2026-07-17T19:04:31.186387+00:00,12446,181,20,none,,,
Y6rdfMLZsko,2026-07-17T19:04:31.186387+00:00,310,1,1,none,,,
7dYzwzNqAdk,2026-07-17T19:04:31.186387+00:00,4256,85,22,none,,,
SUPqJX15fb4,2026-07-17T19:04:31.186387+00:00,53327,375,109,none,,,
ouj-6_FeWF0,2026-07-17T19:04:31.186387+00:00,36924,1444,436,none,,,
fEE3V5qwYYI,2026-07-17T19:04:31.186387+00:00,149,1,0,none,,,
w190VXqsLB8,2026-07-17T19:04:31.186387+00:00,11492,69,16,none,,,
rkAPmOXqMm8,2026-07-17T19:04:31.186387+00:00,231,10,1,none,,,
X5pAeOXHbVA,2026-07-17T19:04:31.186387+00:00,15559,149,1,none,,,
-gRxBhubSoM,2026-07-17T19:04:31.186387+00:00,0,48,8,upcoming,,,
Zn26axD83uY,2026-07-17T19:04:31.186387+00:00,419,4,0,none,,,
2Rit7mFSH74,2026-07-17T19:04:31.186387+00:00,750,9,0,none,,,
TojNJTgGTxc,2026-07-17T19:04:31.186387+00:00,23910,1494,139,none,2026-07-17T16:30:07Z,2026-07-17T16:49:15Z,
i9YbhUGRv1w,2026-07-17T19:04:31.186387+00:00,228,4,1,none,,,
rz23rbQjndI,2026-07-17T19:04:31.186387+00:00,176,1,3,none,,,
cOa5xKvGfNY,2026-07-17T19:04:31.186387+00:00,8986,622,41,none,2026-07-17T16:30:06Z,2026-07-17T16:52:12Z,
naLBmE6-RQQ,2026-07-17T19:04:31.186387+00:00,445,14,2,none,,,
GQB4ir-3R28,2026-07-17T19:04:31.186387+00:00,1240,21,30,none,,,
mYSOjGum5PI,2026-07-17T19:04:31.186387+00:00,42,1,0,none,,,
yMVSXHX9G0w,2026-07-17T19:04:31.186387+00:00,0,2,0,upcoming,,,
0l-cYdH_8s8,2026-07-17T19:04:31.186387+00:00,9925,92,17,none,,,
dr0hdOnf8U8,2026-07-17T19:04:31.186387+00:00,156,1,0,none,,,
iLND5b00o-U,2026-07-17T19:04:31.186387+00:00,4084,92,8,none,,,
FLprS5cqAE4,2026-07-17T19:04:31.186387+00:00,512,10,2,none,,,
m0Lx7DOkhgk,2026-07-17T19:04:31.186387+00:00,1129,16,0,none,,,
qPNlTm0WdnY,2026-07-17T19:04:31.186387+00:00,1001,12,0,none,,,
_m2GPROmFrg,2026-07-17T19:04:31.186387+00:00,248,3,2,none,,,
8gYw6wdFO3s,2026-07-17T19:04:31.186387+00:00,2015,15,0,none,,,
no6sgXwWwgo,2026-07-17T19:04:31.186387+00:00,284,1,0,none,,,
BAQAH2b-A5M,2026-07-17T19:04:31.186387+00:00,4144,156,49,none,2026-07-16T05:30:06Z,2026-07-16T06:20:50Z,
qDx0QpclSAw,2026-07-17T19:04:31.186387+00:00,26733,200,37,none,2026-07-17T02:20:31Z,2026-07-17T02:26:21Z,
lSKnLGn6N20,2026-07-17T19:04:31.186387+00:00,491,7,0,none,,,
U8zx508tQnI,2026-07-17T19:04:31.186387+00:00,230,3,0,none,,,
nxQu3Ojv2Vw,2026-07-17T19:04:31.186387+00:00,209,12,0,none,2026-07-17T15:40:06Z,2026-07-17T15:44:13Z,
yUYB3I6y3-o,2026-07-17T19:04:31.186387+00:00,10173,121,33,none,,,
Ee1tM2sNLyY,2026-07-17T19:04:31.186387+00:00,329,6,0,none,,,
CtCxF2boU90,2026-07-17T19:04:31.186387+00:00,16177,115,32,none,,,
zaZhrfmOzg0,2026-07-17T19:04:31.186387+00:00,48069,1195,12,none,,,
wrWukBgznJY,2026-07-17T19:04:31.186387+00:00,27559,3492,260,none,,,
OpDIukQ_7zE,2026-07-17T19:04:31.186387+00:00,199,3,1,none,,,
d8UKP1z_1Hg,2026-07-17T19:04:31.186387+00:00,269,2,0,none,,,
wBachuAXrI8,2026-07-17T19:04:31.186387+00:00,3320,100,2,none,,,
3orBNndYi2o,2026-07-17T19:04:31.186387+00:00,7014,150,16,none,,,
vLbE8hkP3JU,2026-07-17T19:04:31.186387+00:00,814,31,0,none,,,
lGabeYXLAbM,2026-07-17T19:04:31.186387+00:00,10827,89,5,none,2026-07-16T16:28:40Z,2026-07-16T17:11:11Z,
tEYpBWO1VZE,2026-07-17T19:04:31.186387+00:00,13550,81,27,none,,,
tMHW7S08hD4,2026-07-17T19:04:31.186387+00:00,3311,29,3,none,,,
9lQ3nn1wvlM,2026-07-17T19:04:31.186387+00:00,1136,56,2,none,,,
NJ7bzUkYRJc,2026-07-17T19:04:31.186387+00:00,1146,12,12,none,2026-07-17T03:50:26Z,2026-07-17T03:56:13Z,
Yn9bFs_RZ1o,2026-07-17T19:04:31.186387+00:00,375,5,0,none,2026-07-16T18:28:22Z,2026-07-16T18:31:58Z,
R9IaEziuRi4,2026-07-17T19:04:31.186387+00:00,585,20,0,none,,,
Z49pB4YN1-Y,2026-07-17T19:04:31.186387+00:00,14560,50,3,none,2026-07-17T04:56:07Z,2026-07-17T05:00:23Z,
DKhvq1vzE6E,2026-07-17T19:04:31.186387+00:00,497,14,7,none,,,
cyysDgxlsgw,2026-07-17T19:04:31.186387+00:00,1722,13,1,none,,,
SMje7ZTtC7o,2026-07-17T19:04:31.186387+00:00,933,16,4,none,,,
U5D9_aKfFnQ,2026-07-17T19:04:31.186387+00:00,39,0,1,none,,,
WpJv8MiqCME,2026-07-17T19:04:31.186387+00:00,388,3,0,none,,,
r6STIvfByso,2026-07-17T19:04:31.186387+00:00,271,3,0,none,,,
y5kQ_YsdHKw,2026-07-17T19:04:31.186387+00:00,2781,15,21,none,,,
W5YHbgAlUY8,2026-07-17T19:04:31.186387+00:00,1784,54,3,none,,,
n4qVeAZWIlY,2026-07-17T19:04:31.186387+00:00,126,2,0,none,,,
gFcvzRumecM,2026-07-17T19:04:31.186387+00:00,10809,338,48,none,2026-07-17T14:00:06Z,2026-07-17T14:26:58Z,
amrFGiVefZI,2026-07-17T19:04:31.186387+00:00,139,0,0,none,,,
7lgE9QRhh2E,2026-07-17T19:04:31.186387+00:00,295,8,0,none,,,
_7Jp6urwcqs,2026-07-17T19:04:31.186387+00:00,307,4,1,none,,,
_N9dGzofczw,2026-07-17T19:04:31.186387+00:00,313,1,1,none,,,
ToK8d3Pk5nA,2026-07-17T19:04:31.186387+00:00,104309,1280,142,none,,,
ab1UC_vh3Wc,2026-07-17T19:04:31.186387+00:00,10,0,0,none,,,
09Qey-rF2S4,2026-07-17T19:04:31.186387+00:00,506,4,1,none,,,
vDSTX97ecTU,2026-07-17T19:04:31.186387+00:00,172,0,2,none,,,
aVIEhqJD2Ws,2026-07-17T19:04:31.186387+00:00,1818,63,1,none,,,
qBDIzMUMCx0,2026-07-17T19:04:31.186387+00:00,8399,72,12,none,,,
eNd3FIx_TNw,2026-07-17T19:04:31.186387+00:00,25261,256,42,none,,,
fUMEC7O5umY,2026-07-17T19:04:31.186387+00:00,257,1,5,none,,,
Mxz-oPCQkTs,2026-07-17T19:04:31.186387+00:00,73,2,0,none,,,
Zm1j5qZHMq0,2026-07-17T19:04:31.186387+00:00,519,2,0,none,2026-07-16T05:32:17Z,2026-07-16T06:26:03Z,
A8YMgvXEyTI,2026-07-17T19:04:31.186387+00:00,316,3,0,none,2026-07-17T15:36:51Z,2026-07-17T15:41:19Z,
J7BuwajL8PY,2026-07-17T19:04:31.186387+00:00,127,1,0,none,,,
urLEp2xi-cw,2026-07-17T19:04:31.186387+00:00,323,4,0,none,,,
5ftRpmRsOp8,2026-07-17T19:04:31.186387+00:00,6037,92,17,none,,,
qIbZu28dSoQ,2026-07-17T19:04:31.186387+00:00,179,1,0,none,,,
c79sNIERgIs,2026-07-17T19:04:31.186387+00:00,912,4,0,none,,,
Zzua_SYzZTM,2026-07-17T19:04:31.186387+00:00,60,1,0,none,,,
s4HEykl2a0w,2026-07-17T19:04:31.186387+00:00,162,0,0,none,,,
dTqX9bGcRo8,2026-07-17T19:04:31.186387+00:00,0,0,0,upcoming,,,
te6YaTIn8Ac,2026-07-17T19:04:31.186387+00:00,369,4,2,none,,,
_embNUsCKbM,2026-07-17T19:04:31.186387+00:00,124,1,0,none,,,
2I61ziiOxs4,2026-07-17T19:04:31.186387+00:00,62,1,0,none,,,
F3BG44qeVCE,2026-07-17T19:04:31.186387+00:00,342,0,0,none,,,
CtagSo-Ydtw,2026-07-17T19:04:31.186387+00:00,1368,25,2,none,2026-07-16T16:30:28Z,2026-07-16T18:21:44Z,
Lj9rhzgdfMM,2026-07-17T19:04:31.186387+00:00,43555,1766,384,none,,,
DJXLWasB0xc,2026-07-17T19:04:31.186387+00:00,28146,755,6,none,,,
E8q6K2iKXj0,2026-07-17T19:04:31.186387+00:00,485,3,1,none,,,
_A66jmvmglQ,2026-07-17T19:04:31.186387+00:00,3522,96,1,none,,,
o05xfGGcblE,2026-07-17T19:04:31.186387+00:00,84999,3970,195,none,2026-07-17T14:30:06Z,2026-07-17T14:52:21Z,
R01kDq9PRyM,2026-07-17T19:04:31.186387+00:00,258,2,0,none,,,
HhcbBplx0Mo,2026-07-17T19:04:31.186387+00:00,36030,498,20,none,,,
Ltk0hVHoLiI,2026-07-17T19:04:31.186387+00:00,892,4,4,none,,,
w4N2nDyUGzE,2026-07-17T19:04:31.186387+00:00,36151,471,17,none,,,
wc3xUADg_Q4,2026-07-17T19:04:31.186387+00:00,1544,170,33,none,,,
9wCb5xv-aAU,2026-07-17T19:04:31.186387+00:00,112,0,0,none,,,
0ag2SSRYziM,2026-07-17T19:04:31.186387+00:00,106,3,1,none,,,
mvgjzh6o2Rk,2026-07-17T19:04:31.186387+00:00,2232,29,11,none,,,
zVcMSXaBGPo,2026-07-17T19:04:31.186387+00:00,83,1,0,none,,,
9iDRWHfCkMY,2026-07-17T19:04:31.186387+00:00,9129,67,15,none,2026-07-17T05:29:52Z,2026-07-17T05:33:37Z,
XyfIMbDcIZQ,2026-07-17T19:04:31.186387+00:00,22581,145,37,none,,,
y27UBuwwA5c,2026-07-17T19:04:31.186387+00:00,338,2,0,none,,,
gDnPw9j4XmY,2026-07-17T19:04:31.186387+00:00,2246,28,0,none,2026-07-16T13:00:37Z,2026-07-16T13:26:20Z,
SFhYT_PHPMI,2026-07-17T19:04:31.186387+00:00,1447,24,12,none,,,
izMcJ3xnXW8,2026-07-17T19:04:31.186387+00:00,7332,96,4,none,,,
p6aPw2dLCXQ,2026-07-17T19:04:31.186387+00:00,86306,810,43,none,2026-07-17T06:23:16Z,2026-07-17T07:17:19Z,
8vPYdyGAzPU,2026-07-17T19:04:31.186387+00:00,64540,1618,191,none,2026-07-17T16:00:06Z,2026-07-17T16:22:45Z,
9Am0bjluX54,2026-07-17T19:04:31.186387+00:00,714,23,1,none,,,
KpGzBnRfwOY,2026-07-17T19:04:31.186387+00:00,2470,56,2,none,,,
m8IwnYL6ASA,2026-07-17T19:04:31.186387+00:00,1650,32,1,none,,,
ejhzUbFO45M,2026-07-17T19:04:31.186387+00:00,1758,43,2,none,,,
dgnMK7dCtHc,2026-07-17T19:04:31.186387+00:00,0,3,3,upcoming,,,
PcLWlSdRAuQ,2026-07-17T19:04:31.186387+00:00,89506,3787,112,none,2026-07-17T15:08:51Z,2026-07-17T15:30:19Z,
TtPz_vn-_Mg,2026-07-17T19:04:31.186387+00:00,4790,57,0,none,2026-07-16T15:30:28Z,2026-07-16T16:22:10Z,
KthEH-7_Kag,2026-07-17T19:04:31.186387+00:00,970,7,6,none,,,
USEo0FvRhS8,2026-07-17T19:04:31.186387+00:00,2703,27,4,none,,,
nwf-5FK53Eo,2026-07-17T19:04:31.186387+00:00,4732,37,5,none,,,
RHI-FZM7r-Q,2026-07-17T19:04:31.186387+00:00,2247,20,6,none,,,
Y7EAFkuv5yQ,2026-07-17T19:04:31.186387+00:00,569,5,0,none,,,
kJ_osTsgsfE,2026-07-17T19:04:31.186387+00:00,5390,68,2,none,,,
eHDKCl2qS3g,2026-07-17T19:04:31.186387+00:00,5544,79,0,none,,,
x3QHK9UnZ1o,2026-07-17T19:04:31.186387+00:00,515,3,1,none,,,
DgsaQBcaawE,2026-07-17T19:04:31.186387+00:00,244,4,0,none,,,
JpqObYYcBTA,2026-07-17T19:04:31.186387+00:00,1153,23,0,none,,,
8hVT8uZq-b8,2026-07-17T19:04:31.186387+00:00,39364,596,34,none,2026-07-17T13:27:02Z,2026-07-17T14:01:31Z,
AjNKVPN96xk,2026-07-17T19:04:31.186387+00:00,2139,67,1,none,,,
tcBIA4nO42c,2026-07-17T19:04:31.186387+00:00,3215,114,3,none,,,
Xp_xG4-uQNk,2026-07-17T19:04:31.186387+00:00,1886,14,6,none,,,
ozYHEhqOMQQ,2026-07-17T19:04:31.186387+00:00,2082,42,6,none,2026-07-17T12:30:26Z,2026-07-17T12:33:19Z,
7Ba7sCSmXZ4,2026-07-17T19:04:31.186387+00:00,273,6,16,none,,,
iJUekkp3VDk,2026-07-17T19:04:31.186387+00:00,39392,729,7,none,,,
7UzuJgk2OC0,2026-07-17T19:04:31.186387+00:00,212,4,0,none,,,
JT9w6QUtuzo,2026-07-17T19:04:31.186387+00:00,21038,720,195,none,2026-07-17T15:00:06Z,2026-07-17T15:22:19Z,
Zc1BRbyE1RA,2026-07-17T19:04:31.186387+00:00,578,5,1,none,,,
SHwlDMZDdYQ,2026-07-17T19:04:31.186387+00:00,1132,23,0,none,,,
EO_Q4IFTC7E,2026-07-17T19:04:31.186387+00:00,1081,4,0,none,,,
Z0M76j6uB3U,2026-07-17T19:04:31.186387+00:00,95917,904,387,none,,,
Tnp3tratzvw,2026-07-17T19:04:31.186387+00:00,11933,733,27,none,2026-07-17T16:00:06Z,2026-07-17T16:20:15Z,
eAL7d9Uad3w,2026-07-17T19:04:31.186387+00:00,2341,17,18,none,,,
o5bTtrG3um8,2026-07-17T19:04:31.186387+00:00,1540,52,8,none,,,
4zUibW4Oy7Y,2026-07-17T19:04:31.186387+00:00,100365,3558,62,none,,,
lJuNg0GfFv8,2026-07-17T19:04:31.186387+00:00,15211,127,10,none,2026-07-17T00:55:52Z,2026-07-17T02:02:40Z,
bfAzN--4RP4,2026-07-17T19:04:31.186387+00:00,2313,35,1,none,,,
FaA2OhhAenQ,2026-07-17T19:04:31.186387+00:00,37896,283,15,none,2026-07-17T06:24:54Z,2026-07-17T07:06:53Z,
YvVrUzKEEq0,2026-07-17T19:04:31.186387+00:00,404,2,2,none,,,
FN2dBAqzNec,2026-07-17T19:04:31.186387+00:00,539,6,4,none,,,
5LmNtYie95g,2026-07-17T19:04:31.186387+00:00,7255,62,4,none,,,
azUQAzCcxkY,2026-07-17T19:04:31.186387+00:00,878,11,2,none,,,
df2Y8XOmNyk,2026-07-17T19:04:31.186387+00:00,635,28,2,none,,,
EFJSnuk_nFI,2026-07-17T19:04:31.186387+00:00,331,2,1,none,,,
JxVZMvee0HA,2026-07-17T19:04:31.186387+00:00,71,0,0,none,,,
FWXllkmIE68,2026-07-17T19:04:31.186387+00:00,4718,47,0,none,,,
ycljDV62_BM,2026-07-17T19:04:31.186387+00:00,864,11,2,none,,,
YnLuhyapyZ0,2026-07-17T19:04:31.186387+00:00,58,0,0,none,,,
zrnhmtAnmwI,2026-07-17T19:04:31.186387+00:00,3915,96,2,none,,,
3HlK4o-RXOs,2026-07-17T19:04:31.186387+00:00,2970,24,16,none,,,
1P47VAhaaZE,2026-07-17T19:04:31.186387+00:00,84902,692,139,none,2026-07-17T06:33:13Z,2026-07-17T06:37:30Z,
X6Sy-EICp1E,2026-07-17T19:04:31.186387+00:00,819,11,0,none,,,
LiqYabgKtpc,2026-07-17T19:04:31.186387+00:00,4911,67,7,none,,,
fEMdMMVQlbw,2026-07-17T19:04:31.186387+00:00,11621,500,223,none,,,
9wGHbZf-Zv8,2026-07-17T19:04:31.186387+00:00,7758,36,10,none,,,
qVteU5M5d8s,2026-07-17T19:04:31.186387+00:00,614,10,7,none,,,
vg8qOXgiu1M,2026-07-17T19:04:31.186387+00:00,82,1,0,none,,,
zfm7xojgmsE,2026-07-17T19:04:31.186387+00:00,31129,190,23,none,,,
26ZLJo2xQ2E,2026-07-17T19:04:31.186387+00:00,280,6,0,none,,,
qaoX2bCxnNU,2026-07-17T19:04:31.186387+00:00,79,0,0,none,,,
gjxXpH2BhLA,2026-07-17T19:04:31.186387+00:00,1780,17,2,none,,,
NR3gPwG1xpU,2026-07-17T19:04:31.186387+00:00,964,6,6,none,,,
HjoV1k8wLmQ,2026-07-17T19:04:31.186387+00:00,1142,16,0,none,2026-07-17T15:30:21Z,2026-07-17T16:21:35Z,
YpmlRo0vCRY,2026-07-17T19:04:31.186387+00:00,9860,222,12,none,2026-07-17T16:25:01Z,2026-07-17T17:17:48Z,
MztY5mDxyk8,2026-07-17T19:04:31.186387+00:00,50,2,0,none,,,
DKTdBj0n3ws,2026-07-17T19:04:31.186387+00:00,73,2,0,none,,,
tAE67UkyhKw,2026-07-17T19:04:31.186387+00:00,3605,40,6,none,,,
r1p4dawcmmE,2026-07-17T19:04:31.186387+00:00,2646,155,2,none,,,
b1KUeuS_QRU,2026-07-17T19:04:31.186387+00:00,116,2,0,none,,,
YWtX3y5ix0M,2026-07-17T19:04:31.186387+00:00,1992,41,0,none,2026-07-17T13:02:07Z,2026-07-17T13:26:27Z,
hIEoGy7OS84,2026-07-17T19:04:31.186387+00:00,3108,42,0,none,,,
jEugG5n6ssQ,2026-07-17T19:04:31.186387+00:00,67,2,1,none,,,
LKGaBS3neV8,2026-07-17T19:04:31.186387+00:00,475,3,3,none,,,
HsyqFv1gD8M,2026-07-17T19:04:31.186387+00:00,268,2,2,none,,,
knbRmXTdjWk,2026-07-17T19:04:31.186387+00:00,60,1,1,none,,,
PlMjOUX6CHU,2026-07-17T19:04:31.186387+00:00,13981,95,1,none,,,
dNQIXNsEdBM,2026-07-17T19:04:31.186387+00:00,143,1,0,none,,,
I89NIAgZaB8,2026-07-17T19:04:31.186387+00:00,92,0,1,none,,,
qL4X0dOAOnE,2026-07-17T19:04:31.186387+00:00,61,0,0,none,,,
aOsOPcRljXk,2026-07-17T19:04:31.186387+00:00,3817,51,4,none,,,
-LzoBh1nP7M,2026-07-17T19:04:31.186387+00:00,23706,722,11,none,2026-07-17T11:30:06Z,2026-07-17T11:36:14Z,
jnhfZ0SD9Fw,2026-07-17T19:04:31.186387+00:00,868,12,0,none,,,
5THCfAtYhqY,2026-07-17T19:04:31.186387+00:00,346,3,0,none,2026-07-17T06:38:36Z,2026-07-17T06:43:43Z,
Nz6XoOHQPoA,2026-07-17T19:04:31.186387+00:00,1,0,,none,,,
JWk4aW_TRZ0,2026-07-17T19:04:31.186387+00:00,7355,160,17,none,,,
CxBzFCfpolE,2026-07-17T19:04:31.186387+00:00,7517,190,5,none,,,
Uu1Wf3GZutE,2026-07-17T19:04:31.186387+00:00,118,3,2,none,,,
DbSN9s8z94M,2026-07-17T19:04:31.186387+00:00,326,5,2,none,,,
VRi3_2Hl2AE,2026-07-17T19:04:31.186387+00:00,1971,35,7,none,,,
mCyWsXwp2Nk,2026-07-17T19:04:31.186387+00:00,28353,263,34,none,,,
WJlUEUAxyZE,2026-07-17T19:04:31.186387+00:00,201928,5292,312,none,2026-07-17T15:00:06Z,2026-07-17T15:22:35Z,
9hRQRq51fwg,2026-07-17T19:04:31.186387+00:00,7698,175,5,none,,,
LLLmgReBfJE,2026-07-17T19:04:31.186387+00:00,964,37,0,none,,,
BFzmK6CQ6hk,2026-07-17T19:04:31.186387+00:00,159,4,0,none,,,
nWob6BaSlHk,2026-07-17T19:04:31.186387+00:00,210,2,2,none,,,
yUrdjnyNbPk,2026-07-17T19:04:31.186387+00:00,1976,16,0,none,,,
Ad7XVQ76TNM,2026-07-17T19:04:31.186387+00:00,543,6,0,none,,,
xK-xYMeUm1A,2026-07-17T19:04:31.186387+00:00,289,2,0,none,2026-07-16T14:00:41Z,2026-07-16T14:24:03Z,
iqbYvJ5qR30,2026-07-17T19:04:31.186387+00:00,531,9,0,none,,,
z8sRRSri0Tc,2026-07-17T19:04:31.186387+00:00,16748,165,84,none,2026-07-17T02:22:50Z,2026-07-17T02:24:37Z,
bAsBIRgbjJU,2026-07-17T19:04:31.186387+00:00,948,70,1,none,,,
VZiKKJzWuFs,2026-07-17T19:04:31.186387+00:00,2232,32,0,none,,,
SJXMXv-J4LQ,2026-07-17T19:04:31.186387+00:00,764,10,2,none,,,
wm6OI9eaiIY,2026-07-17T19:04:31.186387+00:00,48750,451,45,none,2026-07-17T00:52:21Z,2026-07-17T02:13:43Z,
KVkj0i9GLbU,2026-07-17T19:04:31.186387+00:00,1894,49,0,none,,,
mRhGoSv6wew,2026-07-17T19:04:31.186387+00:00,327,3,0,none,,,
G5fyeOMY7Ew,2026-07-17T19:04:31.186387+00:00,1918,15,0,none,,,
uPI1JoVlQAo,2026-07-17T19:04:31.186387+00:00,203,3,1,none,,,
_C4aoWHVsDo,2026-07-17T19:04:31.186387+00:00,16665,140,18,none,,,
7Fb9YokUZ7Y,2026-07-17T19:04:31.186387+00:00,107,0,1,none,,,
oQyxjRdEZp8,2026-07-17T19:04:31.186387+00:00,104956,789,31,none,,,
SuBhEVSVxWI,2026-07-17T19:04:31.186387+00:00,7158,376,7,none,,,
4pc0sZzYZ_8,2026-07-17T19:04:31.186387+00:00,139,2,0,none,,,
0UPuZ_q6o_I,2026-07-17T19:04:31.186387+00:00,1325,32,0,none,,,
wbOotho5mt8,2026-07-17T19:04:31.186387+00:00,539,9,1,none,,,
_gRIdrlNR24,2026-07-17T19:04:31.186387+00:00,75223,1641,42,none,2026-07-17T11:00:21Z,2026-07-17T11:06:13Z,
wwXYbXfCS2s,2026-07-17T19:04:31.186387+00:00,180,3,3,none,,,
58HsgJo6JbY,2026-07-17T19:04:31.186387+00:00,230,3,3,none,,,
1BEqRfMWb1Q,2026-07-17T19:04:31.186387+00:00,2825,12,0,none,,,
TXJ5LlIzWA0,2026-07-17T19:04:31.186387+00:00,58,1,0,none,,,
MYxR1-0Y75c,2026-07-17T19:04:31.186387+00:00,533,10,7,none,,,
HLRnSYUoAjc,2026-07-17T19:04:31.186387+00:00,335,20,1,live,2026-07-17T18:15:06Z,,
FPPq3Tns1h4,2026-07-17T19:04:31.186387+00:00,1836,169,6,none,,,
bNMNm0OlIXI,2026-07-17T19:04:31.186387+00:00,974,29,0,none,,,
V_y3ldGWb1g,2026-07-17T19:04:31.186387+00:00,3471,50,5,none,,,
A9oj4mvCiAg,2026-07-17T19:04:31.186387+00:00,2276,28,14,none,,,
MhF2OH2Nu9c,2026-07-17T19:04:31.186387+00:00,1019,16,4,none,,,
X-q5enLHtS0,2026-07-17T19:04:31.186387+00:00,28849,2161,25,none,,,
XL3HlX9kRns,2026-07-17T19:04:31.186387+00:00,614,7,3,none,,,
OmKYEcQIk6g,2026-07-17T19:04:31.186387+00:00,748,12,4,none,2026-07-17T15:27:47Z,2026-07-17T15:32:47Z,
3j3Ym9kfqAY,2026-07-17T19:04:31.186387+00:00,92,1,1,none,,,
J5xiszMhflA,2026-07-17T19:04:31.186387+00:00,665,7,0,none,,,
jPIORYnjs60,2026-07-17T19:04:31.186387+00:00,44705,939,21,none,2026-07-17T14:30:06Z,2026-07-17T14:51:58Z,
QDpb4RWnxl0,2026-07-17T19:04:31.186387+00:00,3391,96,14,none,2026-07-17T02:30:06Z,2026-07-17T03:16:14Z,
-Qadm0F2huo,2026-07-17T19:04:31.186387+00:00,104,11,0,none,,,
-yL_2AGftLQ,2026-07-17T19:04:31.186387+00:00,316,3,1,none,2026-07-17T05:44:21Z,2026-07-17T06:20:15Z,
-fIRyp4vu3U,2026-07-17T19:04:31.186387+00:00,6068,60,15,none,,,
roi0vneyIb0,2026-07-17T19:04:31.186387+00:00,2266,241,2,none,,,
V7hMIUGi8ik,2026-07-17T19:04:31.186387+00:00,1163,43,0,none,,,
dV38xtCggp0,2026-07-17T19:04:31.186387+00:00,1106,13,0,none,,,
s74tVnQ1eqM,2026-07-17T19:04:31.186387+00:00,17316,209,2,none,,,
YRJbmcza4Ro,2026-07-17T19:04:31.186387+00:00,1058,30,1,none,,,
XYOd5xSvc4k,2026-07-17T19:04:31.186387+00:00,986,11,5,none,2026-07-17T14:37:41Z,2026-07-17T14:42:22Z,
j8BHi2SVQwA,2026-07-17T19:04:31.186387+00:00,613,12,2,none,,,
KhtB_CBthM4,2026-07-17T19:04:31.186387+00:00,20724,1027,171,none,2026-07-17T14:40:06Z,2026-07-17T15:05:07Z,
0O7C-A3qcu0,2026-07-17T19:04:31.186387+00:00,320,1,0,none,,,
RTYQ79C1k5M,2026-07-17T19:04:31.186387+00:00,0,1,0,upcoming,,,
YcMhP1YbfZQ,2026-07-17T19:04:31.186387+00:00,413,7,0,none,,,
L8BmjWvBfBg,2026-07-17T19:04:31.186387+00:00,124,1,0,none,,,
LK9WPs8VCE8,2026-07-17T19:04:31.186387+00:00,55525,555,18,none,2026-07-17T13:22:46Z,2026-07-17T14:09:16Z,
HAG04xhvoOY,2026-07-17T19:04:31.186387+00:00,2452,14,0,none,,,
aUS6Gw3RCcE,2026-07-17T19:04:31.186387+00:00,591,5,0,none,,,
hN8mz_nR1XY,2026-07-17T19:04:31.186387+00:00,156,0,0,none,,,
9BQH-t16o3s,2026-07-17T19:04:31.186387+00:00,41307,440,45,none,2026-07-17T06:30:26Z,2026-07-17T07:01:05Z,
2V_dpDnxGp8,2026-07-17T19:04:31.186387+00:00,1181,32,3,none,,,
_Ttdtjer2zg,2026-07-17T19:04:31.186387+00:00,437,3,0,none,,,
vItR3MM4kdE,2026-07-17T19:04:31.186387+00:00,5825,45,8,none,,,
0ul3xE-706E,2026-07-17T19:04:31.186387+00:00,355,2,2,none,,,
ZONEiInSvgE,2026-07-17T19:04:31.186387+00:00,783,6,0,none,,,
_rh2-ts8SGs,2026-07-17T19:04:31.186387+00:00,291,1,0,none,,,
Xw2h9vxQfRk,2026-07-17T19:04:31.186387+00:00,498,8,0,none,,,
uwuBo-bl6Zo,2026-07-17T19:04:31.186387+00:00,31291,1347,65,none,2026-07-17T15:00:07Z,2026-07-17T15:20:33Z,
uvz68tkFXEM,2026-07-17T19:04:31.186387+00:00,463,6,0,none,,,
NexMToaxYqA,2026-07-17T19:04:31.186387+00:00,290,3,0,none,,,
YzwoZHni1hs,2026-07-17T19:04:31.186387+00:00,1443,35,0,none,,,
hERqd0Kz1-I,2026-07-17T19:04:31.186387+00:00,606,23,8,none,,,
D7NZAVTle5Y,2026-07-17T19:04:31.186387+00:00,128,1,1,none,,,
58Xixndaz6w,2026-07-17T19:04:31.186387+00:00,1813,38,5,none,,,
TWMAz-luaJE,2026-07-17T19:04:31.186387+00:00,2868,21,13,none,,,
hVtzY50VWH4,2026-07-17T19:04:31.186387+00:00,129,0,2,none,,,
9L5HQRcGUz8,2026-07-17T19:04:31.186387+00:00,3733,32,1,none,,,
uDY61WpriZ4,2026-07-17T19:04:31.186387+00:00,181,5,1,none,,,
Iq01E-cJ58k,2026-07-17T19:04:31.186387+00:00,151282,10647,332,none,2026-07-17T16:15:06Z,2026-07-17T16:38:04Z,
JR6MOeTQqUA,2026-07-17T19:04:31.186387+00:00,1646,19,0,none,,,
dAGMmrssma8,2026-07-17T19:04:31.186387+00:00,278,3,0,none,,,
2wXCElmbtX0,2026-07-17T19:04:31.186387+00:00,133,7,10,none,,,
j1hZDE-Amas,2026-07-17T19:04:31.186387+00:00,9255,44,10,none,,,
DtPcTGfYuEg,2026-07-17T19:04:31.186387+00:00,598,8,12,none,,,
7zVf9PcNJOs,2026-07-17T19:04:31.186387+00:00,1981,9,6,none,,,
TCqfYY4B3RM,2026-07-17T19:04:31.186387+00:00,1409,40,0,none,,,
F08B3Civ03A,2026-07-17T19:04:31.186387+00:00,2921,32,2,none,,,
XPDgNq8pg8k,2026-07-17T19:04:31.186387+00:00,33,0,0,none,,,
Jx0VGrI8I6E,2026-07-17T19:04:31.186387+00:00,378,3,2,none,,,
cJVBTpcxqro,2026-07-17T19:04:31.186387+00:00,77,1,0,none,,,
99du0X5C2WM,2026-07-17T19:04:31.186387+00:00,28468,314,35,none,2026-07-16T16:30:22Z,2026-07-16T17:14:45Z,
2aPXnfVTZP0,2026-07-17T19:04:31.186387+00:00,97817,1308,189,none,,,
Rf0RcCKw-Y8,2026-07-17T19:04:31.186387+00:00,384,6,8,none,,,
NRcIQnztxPA,2026-07-17T19:04:31.186387+00:00,7896,309,2,none,,,
_V4siqbAeJw,2026-07-17T19:04:31.186387+00:00,452,5,0,none,,,
ApUQOS7Z6gM,2026-07-17T19:04:31.186387+00:00,152,2,0,none,,,
cMTAKtovc3Q,2026-07-17T19:04:31.186387+00:00,617,6,0,none,,,
oNCy5n11Bcg,2026-07-17T19:04:31.186387+00:00,1241,19,7,none,2026-07-17T05:30:31Z,2026-07-17T06:23:09Z,
vDJVeYo1Ke4,2026-07-17T19:04:31.186387+00:00,3658,92,2,none,2026-07-17T12:00:07Z,2026-07-17T12:06:12Z,
RxCtYiUIWZg,2026-07-17T19:04:31.186387+00:00,2,0,,none,,,
nuPfV8oYMT4,2026-07-17T19:04:31.186387+00:00,8157,123,74,none,,,
gCWVUVuvW5o,2026-07-17T19:04:31.186387+00:00,2954,159,5,none,,,
QCFSU4rYbZM,2026-07-17T19:04:31.186387+00:00,5515,172,1,none,,,
lMGgdtLYUVo,2026-07-17T19:04:31.186387+00:00,71425,3083,194,none,2026-07-17T13:00:06Z,2026-07-17T13:24:30Z,
4Kgw8SwFRxs,2026-07-17T19:04:31.186387+00:00,5322,366,6,none,,,
p1wJV_YifAw,2026-07-17T19:04:31.186387+00:00,369,6,0,none,,,
ahngbWNWa1w,2026-07-17T19:04:31.186387+00:00,156,3,0,none,,,
eumWPXGPmgo,2026-07-17T19:04:31.186387+00:00,1307,13,12,none,,,
Scl47qvdFGU,2026-07-17T19:04:31.186387+00:00,954,26,0,none,,,
PNEbAo8pWoo,2026-07-17T19:04:31.186387+00:00,8713,106,41,none,,,
Ff1Ps1r6_FU,2026-07-17T19:04:31.186387+00:00,67,1,0,none,,,
UAXlAIGFm5U,2026-07-17T19:04:31.186387+00:00,5372,51,7,none,2026-07-17T04:33:51Z,2026-07-17T04:43:53Z,
DcjA8TOnAMA,2026-07-17T19:04:31.186387+00:00,123,0,0,none,,,
4jPtvaMUT1E,2026-07-17T19:04:31.186387+00:00,3858,53,22,none,,,
UJgcN4GnQBI,2026-07-17T19:04:31.186387+00:00,1083,40,0,none,,,
Y9zEU-dZabI,2026-07-17T19:04:31.186387+00:00,322,4,0,none,,,
fxNI8qrXp0w,2026-07-17T19:04:31.186387+00:00,476,2,0,none,,,
iqL1gj-W-sM,2026-07-17T19:04:31.186387+00:00,820,26,1,none,,,
MjjgqJwg4wk,2026-07-17T19:04:31.186387+00:00,1875,22,1,none,,,
8NNk2DeCmxM,2026-07-17T19:04:31.186387+00:00,276,5,0,none,,,
rnx1Jbdm7P4,2026-07-17T19:04:31.186387+00:00,9722,65,21,none,,,
E4ITsZHHYjU,2026-07-17T19:04:31.186387+00:00,87110,962,37,none,2026-07-17T13:19:51Z,2026-07-17T14:15:29Z,
8vgf6pwPDOU,2026-07-17T19:04:31.186387+00:00,9305,121,13,none,2026-07-16T17:16:46Z,2026-07-16T19:26:04Z,
V7Jrk4tsr04,2026-07-17T19:04:31.186387+00:00,84,1,0,none,,,
8mQPQxwiGxQ,2026-07-17T19:04:31.186387+00:00,106,0,0,none,,,
9WTdsIycm0k,2026-07-17T19:04:31.186387+00:00,5958,116,83,none,,,
VNCameVcqSs,2026-07-17T19:04:31.186387+00:00,28256,270,65,none,,,
8N00HS4ZHVw,2026-07-17T19:04:31.186387+00:00,5411,429,43,none,,,
yMgRDexrVGc,2026-07-17T19:04:31.186387+00:00,24,0,1,none,,,
U7ljg-NmqN0,2026-07-17T19:04:31.186387+00:00,137,1,0,none,,,
nvQwPD6Gx_E,2026-07-17T19:04:31.186387+00:00,451,18,1,none,,,
RyNd0LHYNcE,2026-07-17T19:04:31.186387+00:00,183,3,1,none,,,
-B2QdDLuwu4,2026-07-17T19:04:31.186387+00:00,25714,94,4,none,,,
lW5ZRu_7-ag,2026-07-17T19:04:31.186387+00:00,809,36,1,none,,,
K1YwYlT3U-8,2026-07-17T19:04:31.186387+00:00,407,4,0,none,,,
RLo_O6Aygv8,2026-07-17T19:04:31.186387+00:00,315,5,0,none,,,
3SUJaJYEz0c,2026-07-17T19:04:31.186387+00:00,555,6,0,none,,,
lOK8r0d5L5Q,2026-07-17T19:04:31.186387+00:00,472,2,0,none,,,
-C72gb14swA,2026-07-17T19:04:31.186387+00:00,24268,290,13,none,2026-07-17T03:55:06Z,2026-07-17T04:00:03Z,
WDkWWQE0i1I,2026-07-17T19:04:31.186387+00:00,727,8,0,none,,,
utmAs5u674s,2026-07-17T19:04:31.186387+00:00,142,1,0,none,,,
LrIBESjsMDg,2026-07-17T19:04:31.186387+00:00,85901,2931,106,none,2026-07-17T14:45:06Z,2026-07-17T15:07:27Z,
4PidOLnTHLQ,2026-07-17T19:04:31.186387+00:00,99,0,0,none,,,
9oJbfSpgVWo,2026-07-17T19:04:31.186387+00:00,175,1,0,none,,,
TVXHDUY2CM4,2026-07-17T19:04:31.186387+00:00,1959,12,0,none,,,
5Arco1G1u1M,2026-07-17T19:04:31.186387+00:00,10690,166,20,none,,,
K9aDWDLh2W8,2026-07-17T19:04:31.186387+00:00,3487,89,0,none,,,
V6QrkH6pM_o,2026-07-17T19:04:31.186387+00:00,4912,86,2,none,,,
5H8yvSdbzXY,2026-07-17T19:04:31.186387+00:00,279,5,4,none,,,
DyGPo7q3cZ4,2026-07-17T19:04:31.186387+00:00,447,7,8,none,,,
ImlBDM40Mwo,2026-07-17T19:04:31.186387+00:00,2887,20,11,none,,,
1F6f4Z9ciS8,2026-07-17T19:04:31.186387+00:00,1059,22,0,none,,,
-humamXrGrI,2026-07-17T19:04:31.186387+00:00,306,6,0,none,,,
Qc6X1TOzvco,2026-07-17T19:04:31.186387+00:00,3351,18,1,none,,,
PEGoMpQCzWw,2026-07-17T19:04:31.186387+00:00,965,11,1,none,,,
g89tLOf4Z_4,2026-07-17T19:04:31.186387+00:00,134,1,0,none,,,
66jhBUbslD0,2026-07-17T19:04:31.186387+00:00,43684,367,8,none,,,
6sKU9oBuRR4,2026-07-17T19:04:31.186387+00:00,1209,14,0,none,,,
fSI-F9fvC8o,2026-07-17T19:04:31.186387+00:00,352,9,0,none,,,
pJYmm68mbNQ,2026-07-17T19:04:31.186387+00:00,13016,210,1,none,,,
OG7XCBGwh-s,2026-07-17T19:04:31.186387+00:00,124,1,0,none,,,
R-0iHXdu0Zc,2026-07-17T19:04:31.186387+00:00,1470,18,4,none,2026-07-17T02:00:06Z,2026-07-17T02:29:30Z,
mFMp8jYV9VI,2026-07-17T19:04:31.186387+00:00,206,3,3,none,,,
CFDYnvFqkaQ,2026-07-17T19:04:31.186387+00:00,2430,117,4,none,,,
_aoNWu7Vxgw,2026-07-17T19:04:31.186387+00:00,250,1,0,none,,,
cSLVjqy_VOA,2026-07-17T19:04:31.186387+00:00,21747,204,39,none,,,
cA4yBipKis4,2026-07-17T19:04:31.186387+00:00,214,0,3,none,,,
tZ8hla_qTxQ,2026-07-17T19:04:31.186387+00:00,5230,161,17,none,,,
1G0tkfDj-wM,2026-07-17T19:04:31.186387+00:00,843,29,0,none,,,
NPx1O0ETuMI,2026-07-17T19:04:31.186387+00:00,878,62,2,none,,,
R4idVpqpKLw,2026-07-17T19:04:31.186387+00:00,32767,387,27,none,2026-07-17T09:00:04Z,2026-07-17T09:24:36Z,
AP0B1E_55_0,2026-07-17T19:04:31.186387+00:00,1889,49,0,none,,,
WDws2zvPmKY,2026-07-17T19:04:31.186387+00:00,15844,350,4,none,,,
ms44or_V1AE,2026-07-17T19:04:31.186387+00:00,58,1,0,none,,,
zLPeDGGjVu8,2026-07-17T19:04:31.186387+00:00,84292,2697,113,none,2026-07-17T15:30:07Z,2026-07-17T15:52:11Z,
PSgT8N5SFlo,2026-07-17T19:04:31.186387+00:00,124367,5441,493,none,2026-07-17T15:40:07Z,2026-07-17T16:06:29Z,
DZh7L2Qr8rg,2026-07-17T19:04:31.186387+00:00,696,14,0,none,,,
xRszkPi0taY,2026-07-17T19:04:31.186387+00:00,1874,40,37,none,,,
TPA_EZDpggw,2026-07-17T19:04:31.186387+00:00,409,16,0,none,,,
Uyz3XXMLNTE,2026-07-17T19:04:31.186387+00:00,158,0,2,none,,,
IMxkeWdQvoI,2026-07-17T19:04:31.186387+00:00,634,9,3,none,,,
4MLJ8eniNcU,2026-07-17T19:04:31.186387+00:00,14662,181,13,none,2026-07-17T13:00:06Z,2026-07-17T13:06:08Z,
RhyK-9Kx4JY,2026-07-17T19:04:31.186387+00:00,13008,220,6,none,2026-07-17T12:30:06Z,2026-07-17T12:36:00Z,
gF0gfFdkRI0,2026-07-17T19:04:31.186387+00:00,22072,589,22,none,2026-07-17T13:30:06Z,2026-07-17T13:50:57Z,
ucrsDqdYaWw,2026-07-17T19:04:31.186387+00:00,4108,105,9,none,,,
AF9rk5ago1c,2026-07-17T19:04:31.186387+00:00,122,0,0,none,,,
sO64ETHBF9k,2026-07-17T19:04:31.186387+00:00,2627,38,0,none,,,
dBzS35ZjYrU,2026-07-17T19:04:31.186387+00:00,11275,324,11,none,2026-07-17T13:00:06Z,2026-07-17T13:20:56Z,
TamX-R77t60,2026-07-17T19:04:31.186387+00:00,922,49,4,none,,,
6XgKKDPICg0,2026-07-17T19:04:31.186387+00:00,132,1,1,none,,,
kWrhrUEqwuk,2026-07-17T19:04:31.186387+00:00,6658,100,24,none,,,
LwGPQ84_ab8,2026-07-17T19:04:31.186387+00:00,146328,9264,74,none,,,
NhYpDDtjDqc,2026-07-17T19:04:31.186387+00:00,637,9,0,none,,,
c4QeBy1cBxY,2026-07-17T19:04:31.186387+00:00,11565,229,5,none,,,
AnPSEdck5VU,2026-07-17T19:04:31.186387+00:00,103,0,0,none,,,
c7cJfRCvk7U,2026-07-17T19:04:31.186387+00:00,185,4,0,none,,,
jNYqJngPw5c,2026-07-17T19:04:31.186387+00:00,185575,6806,468,none,2026-07-17T14:00:06Z,2026-07-17T14:21:15Z,
c3HbjDpeNCE,2026-07-17T19:04:31.186387+00:00,1924,25,9,none,,,
O5oCCtHE5go,2026-07-17T19:04:31.186387+00:00,15473,511,7,none,,,
n_niMoDuCLM,2026-07-17T19:04:31.186387+00:00,184197,4956,829,none,2026-07-17T15:15:06Z,2026-07-17T15:37:53Z,
5VgHL5AmUlI,2026-07-17T19:04:31.186387+00:00,499,7,13,none,,,
wqWwFi2-h4Q,2026-07-17T19:04:31.186387+00:00,2257,24,12,none,,,
WOSU830uOz4,2026-07-17T19:04:31.186387+00:00,281,2,0,none,,,
W83GTdsW3v8,2026-07-17T19:04:31.186387+00:00,22063,167,77,none,,,
4SlkN9XnLcA,2026-07-17T19:04:31.186387+00:00,65,1,0,none,,,
M8HpDN6JSNU,2026-07-17T19:04:31.186387+00:00,207,3,4,none,,,
FLsiIiUMBf8,2026-07-17T19:04:31.186387+00:00,5787,552,67,none,,,
5hD3JpFkNao,2026-07-17T19:04:31.186387+00:00,336,3,0,none,,,
Pb3OidvhkqE,2026-07-17T19:04:31.186387+00:00,4844,97,1,none,,,
0lzL3Q7f5Lw,2026-07-17T19:04:31.186387+00:00,161,2,0,none,,,
F7P4jlCUAa0,2026-07-17T19:04:31.186387+00:00,1272,43,0,none,,,
M1zLMxJI5Yw,2026-07-17T19:04:31.186387+00:00,6376,88,2,none,,,
r-GvYY2xNdI,2026-07-17T19:04:31.186387+00:00,103677,1018,70,none,,,
mGlfXClBskU,2026-07-17T19:04:31.186387+00:00,104512,5212,251,none,2026-07-17T15:30:06Z,2026-07-17T15:53:23Z,
YKm3LK0l0hw,2026-07-17T19:04:31.186387+00:00,588,15,0,none,,,
73cE2jIqNpM,2026-07-17T19:04:31.186387+00:00,8360,156,10,none,,,
0ymXYusbJ6E,2026-07-17T19:04:31.186387+00:00,226,6,2,none,,,
DG2coOxA1GA,2026-07-17T19:04:31.186387+00:00,179,5,0,none,,,
0wgdctihfzE,2026-07-17T19:04:31.186387+00:00,1165,25,0,none,,,
_xDeqPYFzgc,2026-07-17T19:04:31.186387+00:00,133,2,0,none,,,
7d3h-WHSIF4,2026-07-17T19:04:31.186387+00:00,567,5,5,none,,,
etJXc7m4Tj8,2026-07-17T19:04:31.186387+00:00,91089,3309,99,none,2026-07-17T15:00:06Z,2026-07-17T15:22:23Z,
h5GngnBfPN0,2026-07-17T19:04:31.186387+00:00,160,17,0,none,2026-07-17T18:15:12Z,2026-07-17T18:41:08Z,
RS2t02C08o0,2026-07-17T19:04:31.186387+00:00,3135,38,16,none,,,
AzhL6--u9I8,2026-07-17T19:04:31.186387+00:00,1827,15,0,none,,,
bj8ZyAwByrY,2026-07-17T19:04:31.186387+00:00,303,4,1,none,,,
hrZcgFq-0ow,2026-07-17T19:04:31.186387+00:00,189,6,0,none,,,
S9-OwXz8PFc,2026-07-17T19:04:31.186387+00:00,21649,380,2,none,,,
HKHBCqkc6TY,2026-07-17T19:04:31.186387+00:00,1557,23,0,none,,,
CQzOAp-Yocs,2026-07-17T19:04:31.186387+00:00,48140,1447,75,none,2026-07-17T15:30:06Z,2026-07-17T15:53:12Z,
8oXE-JFqgBQ,2026-07-17T19:04:31.186387+00:00,1125,16,1,none,,,
DlbjgPyFcV0,2026-07-17T19:04:31.186387+00:00,7800,283,19,none,2026-07-17T14:30:06Z,2026-07-17T14:49:34Z,
pOE4SyEpzIs,2026-07-17T19:04:31.186387+00:00,1099,15,0,none,,,
BNNSdWcFTuY,2026-07-17T19:04:31.186387+00:00,1562,17,3,none,2026-07-17T10:14:31Z,2026-07-17T10:17:59Z,
eic-H9LS4Ug,2026-07-17T19:04:31.186387+00:00,7132,183,0,none,,,
AJ_YnhE2lJQ,2026-07-17T19:04:31.186387+00:00,198,4,2,none,,,
7babOIxmCqw,2026-07-17T19:04:31.186387+00:00,399,1,0,none,,,
edQj-U4540k,2026-07-17T19:04:31.186387+00:00,662,18,0,none,,,
rGz7g0-_l6o,2026-07-17T19:04:31.186387+00:00,1573,40,0,none,,,
0XN9pTQg5M0,2026-07-17T19:04:31.186387+00:00,37429,286,86,none,,,
0eb1INFfYBM,2026-07-17T19:04:31.186387+00:00,1026,9,3,none,,,
0ul3xE-706E,2026-07-17T19:09:31.339265+00:00,355,2,2,none,,,
lW5ZRu_7-ag,2026-07-17T19:09:31.339265+00:00,810,36,1,none,,,
u9lJD5ffEOw,2026-07-17T19:09:31.339265+00:00,1623,70,1,none,,,
5Arco1G1u1M,2026-07-17T19:09:31.339265+00:00,10703,166,20,none,,,
MjjgqJwg4wk,2026-07-17T19:09:31.339265+00:00,1875,22,1,none,,,
gFcvzRumecM,2026-07-17T19:09:31.339265+00:00,10829,339,48,none,2026-07-17T14:00:06Z,2026-07-17T14:26:58Z,
Lj9rhzgdfMM,2026-07-17T19:09:31.339265+00:00,44313,1780,386,none,,,
mCyWsXwp2Nk,2026-07-17T19:09:31.339265+00:00,28365,263,34,none,,,
QCFSU4rYbZM,2026-07-17T19:09:31.339265+00:00,5522,172,1,none,,,
0O7C-A3qcu0,2026-07-17T19:09:31.339265+00:00,323,1,0,none,,,
1G0tkfDj-wM,2026-07-17T19:09:31.339265+00:00,844,30,0,none,,,
no6sgXwWwgo,2026-07-17T19:09:31.339265+00:00,284,1,0,none,,,
glBtukoqC7w,2026-07-17T19:09:31.339265+00:00,127,2,1,none,,,
OmKYEcQIk6g,2026-07-17T19:09:31.339265+00:00,748,12,4,none,2026-07-17T15:27:47Z,2026-07-17T15:32:47Z,
K9aDWDLh2W8,2026-07-17T19:09:31.339265+00:00,3523,90,0,none,,,
urLEp2xi-cw,2026-07-17T19:09:31.339265+00:00,324,4,0,none,,,
NhYpDDtjDqc,2026-07-17T19:09:31.339265+00:00,637,9,0,none,,,
_Ttdtjer2zg,2026-07-17T19:09:31.339265+00:00,437,3,0,none,,,
USEo0FvRhS8,2026-07-17T19:09:31.339265+00:00,2703,27,4,none,,,
u-QKAk5AcFw,2026-07-17T19:09:31.339265+00:00,82,5,1,none,,,
mRhGoSv6wew,2026-07-17T19:09:31.339265+00:00,327,3,0,none,,,
hN8mz_nR1XY,2026-07-17T19:09:31.339265+00:00,156,0,0,none,,,
PlMjOUX6CHU,2026-07-17T19:09:31.339265+00:00,13995,95,1,none,,,
w190VXqsLB8,2026-07-17T19:09:31.339265+00:00,11537,69,16,none,,,
lMGgdtLYUVo,2026-07-17T19:09:31.339265+00:00,71961,3086,196,none,2026-07-17T13:00:06Z,2026-07-17T13:24:30Z,
LiqYabgKtpc,2026-07-17T19:09:31.339265+00:00,4918,67,7,none,,,
0PK_igMt2Vo,2026-07-17T19:09:31.339265+00:00,130212,4822,150,none,2026-07-17T15:45:06Z,2026-07-17T16:07:56Z,
YcMhP1YbfZQ,2026-07-17T19:09:31.339265+00:00,413,7,0,none,,,
0eb1INFfYBM,2026-07-17T19:09:31.339265+00:00,1026,9,3,none,,,
PSgT8N5SFlo,2026-07-17T19:09:31.339265+00:00,127752,5484,499,none,2026-07-17T15:40:07Z,2026-07-17T16:06:29Z,
Yn9bFs_RZ1o,2026-07-17T19:09:31.339265+00:00,375,5,0,none,2026-07-16T18:28:22Z,2026-07-16T18:31:58Z,
gCWVUVuvW5o,2026-07-17T19:09:31.339265+00:00,2973,163,5,none,,,
-B2QdDLuwu4,2026-07-17T19:09:31.339265+00:00,25719,94,4,none,,,
Pb3OidvhkqE,2026-07-17T19:09:31.339265+00:00,4847,97,1,none,,,
lSKnLGn6N20,2026-07-17T19:09:31.339265+00:00,491,7,0,none,,,
J7BuwajL8PY,2026-07-17T19:09:31.339265+00:00,127,1,0,none,,,
HKHBCqkc6TY,2026-07-17T19:09:31.339265+00:00,1557,23,0,none,,,
8hVT8uZq-b8,2026-07-17T19:09:31.339265+00:00,39653,597,34,none,2026-07-17T13:27:02Z,2026-07-17T14:01:31Z,
QDpb4RWnxl0,2026-07-17T19:09:31.339265+00:00,3402,96,14,none,2026-07-17T02:30:06Z,2026-07-17T03:16:14Z,
DJXLWasB0xc,2026-07-17T19:09:31.339265+00:00,28253,755,6,none,,,
5hD3JpFkNao,2026-07-17T19:09:31.339265+00:00,338,3,0,none,,,
99du0X5C2WM,2026-07-17T19:09:31.339265+00:00,28492,314,35,none,2026-07-16T16:30:22Z,2026-07-16T17:14:45Z,
T3QpuLAaa6s,2026-07-17T19:09:31.339265+00:00,4070,33,1,none,,,
3SUJaJYEz0c,2026-07-17T19:09:31.339265+00:00,555,6,0,none,,,
YWtX3y5ix0M,2026-07-17T19:09:31.339265+00:00,1994,41,0,none,2026-07-17T13:02:07Z,2026-07-17T13:26:27Z,
bNMNm0OlIXI,2026-07-17T19:09:31.339265+00:00,985,29,0,none,,,
utmAs5u674s,2026-07-17T19:09:31.339265+00:00,142,1,0,none,,,
t8OTtrQ9LgU,2026-07-17T19:09:31.339265+00:00,2717,29,9,none,,,
wm6OI9eaiIY,2026-07-17T19:09:31.339265+00:00,48753,451,45,none,2026-07-17T00:52:21Z,2026-07-17T02:13:43Z,
_YgwyVpAVRU,2026-07-17T19:09:31.339265+00:00,59,0,0,none,,,
J5xiszMhflA,2026-07-17T19:09:31.339265+00:00,665,7,0,none,,,
hERqd0Kz1-I,2026-07-17T19:09:31.339265+00:00,606,23,8,none,,,
AnPSEdck5VU,2026-07-17T19:09:31.339265+00:00,103,0,0,none,,,
1P47VAhaaZE,2026-07-17T19:09:31.339265+00:00,85154,692,139,none,2026-07-17T06:33:13Z,2026-07-17T06:37:30Z,
RLo_O6Aygv8,2026-07-17T19:09:31.339265+00:00,315,5,0,none,,,
M8HpDN6JSNU,2026-07-17T19:09:31.339265+00:00,207,3,4,none,,,
TVXHDUY2CM4,2026-07-17T19:09:31.339265+00:00,1959,12,0,none,,,
UJgcN4GnQBI,2026-07-17T19:09:31.339265+00:00,1085,40,0,none,,,
iJUekkp3VDk,2026-07-17T19:09:31.339265+00:00,39407,729,7,none,,,
_aoNWu7Vxgw,2026-07-17T19:09:31.339265+00:00,258,1,0,none,,,
nmPZvqcMp_c,2026-07-17T19:09:31.339265+00:00,4765,115,6,none,2026-07-17T13:30:06Z,2026-07-17T13:51:38Z,
jPIORYnjs60,2026-07-17T19:09:31.339265+00:00,45154,942,21,none,2026-07-17T14:30:06Z,2026-07-17T14:51:58Z,
0ecOSM8Z6Zs,2026-07-17T19:09:31.339265+00:00,28,1,1,none,,,
-Qadm0F2huo,2026-07-17T19:09:31.339265+00:00,107,11,0,none,,,
_7Jp6urwcqs,2026-07-17T19:09:31.339265+00:00,308,4,1,none,,,
R01kDq9PRyM,2026-07-17T19:09:31.339265+00:00,258,2,0,none,,,
3orBNndYi2o,2026-07-17T19:09:31.339265+00:00,7014,150,16,none,,,
I89NIAgZaB8,2026-07-17T19:09:31.339265+00:00,92,0,1,none,,,
VZiKKJzWuFs,2026-07-17T19:09:31.339265+00:00,2275,33,0,none,,,
NR3gPwG1xpU,2026-07-17T19:09:31.339265+00:00,964,6,6,none,,,
zaZhrfmOzg0,2026-07-17T19:09:31.339265+00:00,48100,1196,12,none,,,
vLbE8hkP3JU,2026-07-17T19:09:31.339265+00:00,814,31,0,none,,,
yMgRDexrVGc,2026-07-17T19:09:31.339265+00:00,24,0,1,none,,,
n_niMoDuCLM,2026-07-17T19:09:31.339265+00:00,186003,4979,830,none,2026-07-17T15:15:06Z,2026-07-17T15:37:53Z,
vDJVeYo1Ke4,2026-07-17T19:09:31.339265+00:00,3658,92,2,none,2026-07-17T12:00:07Z,2026-07-17T12:06:12Z,
YRJbmcza4Ro,2026-07-17T19:09:31.339265+00:00,1058,30,1,none,,,
8gYw6wdFO3s,2026-07-17T19:09:31.339265+00:00,2015,15,0,none,,,
AjNKVPN96xk,2026-07-17T19:09:31.339265+00:00,2142,67,1,none,,,
AF9rk5ago1c,2026-07-17T19:09:31.339265+00:00,122,0,0,none,,,
PNEbAo8pWoo,2026-07-17T19:09:31.339265+00:00,8727,106,41,none,,,
J59FhF4buqY,2026-07-17T19:09:31.339265+00:00,3792,37,10,none,2026-07-16T18:17:22Z,2026-07-16T18:23:27Z,
UAXlAIGFm5U,2026-07-17T19:09:31.339265+00:00,5378,51,7,none,2026-07-17T04:33:51Z,2026-07-17T04:43:53Z,
p6aPw2dLCXQ,2026-07-17T19:09:31.339265+00:00,86336,810,43,none,2026-07-17T06:23:16Z,2026-07-17T07:17:19Z,
te6YaTIn8Ac,2026-07-17T19:09:31.339265+00:00,371,4,2,none,,,
58HsgJo6JbY,2026-07-17T19:09:31.339265+00:00,230,3,3,none,,,
WDkWWQE0i1I,2026-07-17T19:09:31.339265+00:00,727,8,0,none,,,
8vgf6pwPDOU,2026-07-17T19:09:31.339265+00:00,9319,121,13,none,2026-07-16T17:16:46Z,2026-07-16T19:26:04Z,
2WdflaMYw3Q,2026-07-17T19:09:31.339265+00:00,0,200,5,upcoming,,,
6MohYExak8U,2026-07-17T19:09:31.339265+00:00,575,28,0,none,,,
IMxkeWdQvoI,2026-07-17T19:09:31.339265+00:00,634,9,3,none,,,
rGz7g0-_l6o,2026-07-17T19:09:31.339265+00:00,1576,40,0,none,,,
fSI-F9fvC8o,2026-07-17T19:09:31.339265+00:00,356,9,0,none,,,
EFJSnuk_nFI,2026-07-17T19:09:31.339265+00:00,331,2,1,none,,,
hVtzY50VWH4,2026-07-17T19:09:31.339265+00:00,129,0,2,none,,,
5-907B1oVuc,2026-07-17T19:09:31.339265+00:00,878,6,2,none,,,
0XN9pTQg5M0,2026-07-17T19:09:31.339265+00:00,37429,286,86,none,,,
Zn26axD83uY,2026-07-17T19:09:31.339265+00:00,419,4,0,none,,,
qPNlTm0WdnY,2026-07-17T19:09:31.339265+00:00,1001,12,0,none,,,
SMje7ZTtC7o,2026-07-17T19:09:31.339265+00:00,933,16,4,none,,,
9dA4ZJFCrBU,2026-07-17T19:09:31.339265+00:00,1214,21,0,none,,,
_N9dGzofczw,2026-07-17T19:09:31.339265+00:00,313,1,1,none,,,
r-GvYY2xNdI,2026-07-17T19:09:31.339265+00:00,104013,1019,70,none,,,
FJJ2BIdve3s,2026-07-17T19:09:31.339265+00:00,694,7,1,none,,,
yMVSXHX9G0w,2026-07-17T19:09:31.339265+00:00,0,2,0,upcoming,,,
CtagSo-Ydtw,2026-07-17T19:09:31.339265+00:00,1368,25,2,none,2026-07-16T16:30:28Z,2026-07-16T18:21:44Z,
gO1Y7NG8NPU,2026-07-17T19:09:31.339265+00:00,64,0,0,none,,,
gX6PQb15HHw,2026-07-17T19:09:31.339265+00:00,410,4,0,none,,,
x6i1yvN9Vvs,2026-07-17T19:09:31.339265+00:00,236,3,1,none,,,
nWob6BaSlHk,2026-07-17T19:09:31.339265+00:00,210,2,2,none,,,
4PidOLnTHLQ,2026-07-17T19:09:31.339265+00:00,99,0,0,none,,,
dr0hdOnf8U8,2026-07-17T19:09:31.339265+00:00,156,1,0,none,,,
cOa5xKvGfNY,2026-07-17T19:09:31.339265+00:00,9710,629,43,none,2026-07-17T16:30:06Z,2026-07-17T16:52:12Z,
8NNk2DeCmxM,2026-07-17T19:09:31.339265+00:00,276,5,0,none,,,
yUrdjnyNbPk,2026-07-17T19:09:31.339265+00:00,1980,16,0,none,,,
X5pAeOXHbVA,2026-07-17T19:09:31.339265+00:00,15559,149,1,none,,,
RxCtYiUIWZg,2026-07-17T19:09:31.339265+00:00,2,0,,none,,,
Jx0VGrI8I6E,2026-07-17T19:09:31.339265+00:00,378,3,2,none,,,
58Xixndaz6w,2026-07-17T19:09:31.339265+00:00,1813,38,5,none,,,
XYOd5xSvc4k,2026-07-17T19:09:31.339265+00:00,986,11,5,none,2026-07-17T14:37:41Z,2026-07-17T14:42:22Z,
LK9WPs8VCE8,2026-07-17T19:09:31.339265+00:00,55893,555,18,none,2026-07-17T13:22:46Z,2026-07-17T14:09:16Z,
SFhYT_PHPMI,2026-07-17T19:09:31.339265+00:00,1447,24,12,none,,,
Scl47qvdFGU,2026-07-17T19:09:31.339265+00:00,954,26,0,none,,,
26ZLJo2xQ2E,2026-07-17T19:09:31.339265+00:00,280,6,0,none,,,
b1KUeuS_QRU,2026-07-17T19:09:31.339265+00:00,116,2,0,none,,,
tMHW7S08hD4,2026-07-17T19:09:31.339265+00:00,3335,29,3,none,,,
SUPqJX15fb4,2026-07-17T19:09:31.339265+00:00,53339,375,109,none,,,
wXzZdB5TWhw,2026-07-17T19:09:31.339265+00:00,4345,53,0,none,,,
z8sRRSri0Tc,2026-07-17T19:09:31.339265+00:00,16749,165,84,none,2026-07-17T02:22:50Z,2026-07-17T02:24:37Z,
V6QrkH6pM_o,2026-07-17T19:09:31.339265+00:00,4916,86,2,none,,,
7dYzwzNqAdk,2026-07-17T19:09:31.339265+00:00,4292,85,22,none,,,
RyNd0LHYNcE,2026-07-17T19:09:31.339265+00:00,183,3,1,none,,,
4jPtvaMUT1E,2026-07-17T19:09:31.339265+00:00,3858,53,22,none,,,
wZn-gsLfSl8,2026-07-17T19:09:31.339265+00:00,195,2,1,none,,,
rocN7FHW-0U,2026-07-17T19:09:31.339265+00:00,351,8,0,none,,,
6khqYTpjgCI,2026-07-17T19:09:31.339265+00:00,1421,61,11,none,2026-07-17T15:14:06Z,2026-07-17T15:31:37Z,
YlNLTWRgvWI,2026-07-17T19:09:31.339265+00:00,373,24,3,none,,,
SFMrIUc72_Y,2026-07-17T19:09:31.339265+00:00,20305,796,1,none,,,
qL4X0dOAOnE,2026-07-17T19:09:31.339265+00:00,61,0,0,none,,,
c3HbjDpeNCE,2026-07-17T19:09:31.339265+00:00,1924,25,9,none,,,
DyGPo7q3cZ4,2026-07-17T19:09:31.339265+00:00,451,7,8,none,,,
2aPXnfVTZP0,2026-07-17T19:09:31.339265+00:00,97846,1308,189,none,,,
WpJv8MiqCME,2026-07-17T19:09:31.339265+00:00,388,3,0,none,,,
h5GngnBfPN0,2026-07-17T19:09:31.339265+00:00,172,17,0,none,2026-07-17T18:15:12Z,2026-07-17T18:41:08Z,
Wff97vGkupg,2026-07-17T19:09:31.339265+00:00,5821,46,28,none,,,
O5oCCtHE5go,2026-07-17T19:09:31.339265+00:00,15491,511,7,none,,,
CQzOAp-Yocs,2026-07-17T19:09:31.339265+00:00,48630,1457,76,none,2026-07-17T15:30:06Z,2026-07-17T15:53:12Z,
8N00HS4ZHVw,2026-07-17T19:09:31.339265+00:00,5411,429,43,none,,,
4zUibW4Oy7Y,2026-07-17T19:09:31.339265+00:00,100395,3558,62,none,,,
mGlfXClBskU,2026-07-17T19:09:31.339265+00:00,107059,5246,253,none,2026-07-17T15:30:06Z,2026-07-17T15:53:23Z,
W83GTdsW3v8,2026-07-17T19:09:31.339265+00:00,22095,167,77,none,,,
KhtB_CBthM4,2026-07-17T19:09:31.339265+00:00,20724,1029,172,none,2026-07-17T14:40:06Z,2026-07-17T15:05:07Z,
LrIBESjsMDg,2026-07-17T19:09:31.339265+00:00,86584,2945,107,none,2026-07-17T14:45:06Z,2026-07-17T15:07:27Z,
G5fyeOMY7Ew,2026-07-17T19:09:31.339265+00:00,1930,15,0,none,,,
pOE4SyEpzIs,2026-07-17T19:09:31.339265+00:00,1103,15,0,none,,,
_WKfTA2EYTQ,2026-07-17T19:09:31.339265+00:00,819,21,0,none,,,
7Ba7sCSmXZ4,2026-07-17T19:09:31.339265+00:00,274,6,16,none,,,
ms44or_V1AE,2026-07-17T19:09:31.339265+00:00,69,1,0,none,,,
A9oj4mvCiAg,2026-07-17T19:09:31.339265+00:00,2295,28,14,none,,,
vDSTX97ecTU,2026-07-17T19:09:31.339265+00:00,172,0,2,none,,,
Uu1Wf3GZutE,2026-07-17T19:09:31.339265+00:00,121,4,2,none,,,
dAGMmrssma8,2026-07-17T19:09:31.339265+00:00,278,3,0,none,,,
nxQu3Ojv2Vw,2026-07-17T19:09:31.339265+00:00,211,12,0,none,2026-07-17T15:40:06Z,2026-07-17T15:44:13Z,
I6v1ht7ktsk,2026-07-17T19:09:31.339265+00:00,131,3,0,none,,,
Mxz-oPCQkTs,2026-07-17T19:09:31.339265+00:00,76,2,0,none,,,
WDws2zvPmKY,2026-07-17T19:09:31.339265+00:00,15851,350,4,none,,,
yUYB3I6y3-o,2026-07-17T19:09:31.339265+00:00,10247,121,33,none,,,
_ianYSYpImc,2026-07-17T19:09:31.339265+00:00,105,1,0,none,,,
4Kgw8SwFRxs,2026-07-17T19:09:31.339265+00:00,5322,368,6,none,,,
izMcJ3xnXW8,2026-07-17T19:09:31.339265+00:00,7332,96,4,none,,,
d8UKP1z_1Hg,2026-07-17T19:09:31.339265+00:00,269,2,0,none,,,
E8q6K2iKXj0,2026-07-17T19:09:31.339265+00:00,485,3,1,none,,,
pJYmm68mbNQ,2026-07-17T19:09:31.339265+00:00,13149,210,1,none,,,
-humamXrGrI,2026-07-17T19:09:31.339265+00:00,306,6,0,none,,,
SuBhEVSVxWI,2026-07-17T19:09:31.339265+00:00,7161,380,7,none,,,
kWrhrUEqwuk,2026-07-17T19:09:31.339265+00:00,6678,100,24,none,,,
MYxR1-0Y75c,2026-07-17T19:09:31.339265+00:00,533,10,7,none,,,
GQB4ir-3R28,2026-07-17T19:09:31.339265+00:00,1240,21,30,none,,,
JpqObYYcBTA,2026-07-17T19:09:31.339265+00:00,1164,23,0,none,,,
tbqSqgxqFSU,2026-07-17T19:09:31.339265+00:00,126,4,0,none,,,
zfm7xojgmsE,2026-07-17T19:09:31.339265+00:00,31235,190,23,none,,,
82PbS78Hwao,2026-07-17T19:09:31.339265+00:00,938,20,0,none,,,
Xp_xG4-uQNk,2026-07-17T19:09:31.339265+00:00,1892,14,6,none,,,
bAsBIRgbjJU,2026-07-17T19:09:31.339265+00:00,953,70,1,none,,,
knbRmXTdjWk,2026-07-17T19:09:31.339265+00:00,60,1,1,none,,,
7lgE9QRhh2E,2026-07-17T19:09:31.339265+00:00,297,8,0,none,,,
gjxXpH2BhLA,2026-07-17T19:09:31.339265+00:00,1780,17,2,none,,,
uDY61WpriZ4,2026-07-17T19:09:31.339265+00:00,181,5,1,none,,,
-fIRyp4vu3U,2026-07-17T19:09:31.339265+00:00,6068,60,15,none,,,
HsyqFv1gD8M,2026-07-17T19:09:31.339265+00:00,268,2,2,none,,,
dNQIXNsEdBM,2026-07-17T19:09:31.339265+00:00,143,1,0,none,,,
LJR5XmUzTts,2026-07-17T19:09:31.339265+00:00,44,0,0,none,,,
kJ_osTsgsfE,2026-07-17T19:09:31.339265+00:00,5390,68,2,none,,,
jUYV5Qw6M8w,2026-07-17T19:09:31.339265+00:00,2144,31,0,none,,,
iLND5b00o-U,2026-07-17T19:09:31.339265+00:00,4110,92,8,none,,,
ZONEiInSvgE,2026-07-17T19:09:31.339265+00:00,789,6,0,none,,,
Z49pB4YN1-Y,2026-07-17T19:09:31.339265+00:00,14574,50,3,none,2026-07-17T04:56:07Z,2026-07-17T05:00:23Z,
YzwoZHni1hs,2026-07-17T19:09:31.339265+00:00,1443,35,0,none,,,
0l-cYdH_8s8,2026-07-17T19:09:31.339265+00:00,9927,92,17,none,,,
5LmNtYie95g,2026-07-17T19:09:31.339265+00:00,7273,62,4,none,,,
K1YwYlT3U-8,2026-07-17T19:09:31.339265+00:00,407,4,0,none,,,
lOK8r0d5L5Q,2026-07-17T19:09:31.339265+00:00,472,2,0,none,,,
7Fb9YokUZ7Y,2026-07-17T19:09:31.339265+00:00,108,0,1,none,,,
rz23rbQjndI,2026-07-17T19:09:31.339265+00:00,176,1,3,none,,,
Uyz3XXMLNTE,2026-07-17T19:09:31.339265+00:00,158,0,2,none,,,
_A66jmvmglQ,2026-07-17T19:09:31.339265+00:00,3536,96,1,none,,,
gF0gfFdkRI0,2026-07-17T19:09:31.339265+00:00,22281,591,22,none,2026-07-17T13:30:06Z,2026-07-17T13:50:57Z,
Llo_dT_e9Vo,2026-07-17T19:09:31.339265+00:00,35111,367,14,none,2026-07-16T16:25:51Z,2026-07-16T17:17:54Z,
HjoV1k8wLmQ,2026-07-17T19:09:31.339265+00:00,1158,17,0,none,2026-07-17T15:30:21Z,2026-07-17T16:21:35Z,
c7cJfRCvk7U,2026-07-17T19:09:31.339265+00:00,185,4,0,none,,,
Rf0RcCKw-Y8,2026-07-17T19:09:31.339265+00:00,381,6,8,none,,,
BNNSdWcFTuY,2026-07-17T19:09:31.339265+00:00,1562,17,3,none,2026-07-17T10:14:31Z,2026-07-17T10:17:59Z,
uGXwAiSZ8R4,2026-07-17T19:09:31.339265+00:00,36195,1257,60,none,2026-07-17T16:00:07Z,2026-07-17T16:22:31Z,
1F6f4Z9ciS8,2026-07-17T19:09:31.339265+00:00,1059,22,0,none,,,
aX_iO_BiPh4,2026-07-17T19:09:31.339265+00:00,3827,92,1,none,,,
OpDIukQ_7zE,2026-07-17T19:09:31.339265+00:00,199,3,1,none,,,
fxNI8qrXp0w,2026-07-17T19:09:31.339265+00:00,476,2,0,none,,,
amrFGiVefZI,2026-07-17T19:09:31.339265+00:00,139,0,0,none,,,
bj8ZyAwByrY,2026-07-17T19:09:31.339265+00:00,303,4,1,none,,,
HwTaYPUixYY,2026-07-17T19:09:31.339265+00:00,434,0,0,none,,,
tcBIA4nO42c,2026-07-17T19:09:31.339265+00:00,3215,114,3,none,,,
2Rit7mFSH74,2026-07-17T19:09:31.339265+00:00,751,9,0,none,,,
uwuBo-bl6Zo,2026-07-17T19:09:31.339265+00:00,31650,1354,66,none,2026-07-17T15:00:07Z,2026-07-17T15:20:33Z,
rnx1Jbdm7P4,2026-07-17T19:09:31.339265+00:00,9729,65,21,none,,,
cA4yBipKis4,2026-07-17T19:09:31.339265+00:00,214,0,3,none,,,
69dqAJ5asgU,2026-07-17T19:09:31.339265+00:00,269,17,0,none,,,
aOsOPcRljXk,2026-07-17T19:09:31.339265+00:00,3817,51,4,none,,,
wuUOBHTgc-Y,2026-07-17T19:09:31.339265+00:00,31,0,0,none,,,
m8IwnYL6ASA,2026-07-17T19:09:31.339265+00:00,1651,32,1,none,,,
oNCy5n11Bcg,2026-07-17T19:09:31.339265+00:00,1244,19,7,none,2026-07-17T05:30:31Z,2026-07-17T06:23:09Z,
gDnPw9j4XmY,2026-07-17T19:09:31.339265+00:00,2246,28,0,none,2026-07-16T13:00:37Z,2026-07-16T13:26:20Z,
SHwlDMZDdYQ,2026-07-17T19:09:31.339265+00:00,1132,23,0,none,,,
y27UBuwwA5c,2026-07-17T19:09:31.339265+00:00,338,2,0,none,,,
_embNUsCKbM,2026-07-17T19:09:31.339265+00:00,124,1,0,none,,,
FWXllkmIE68,2026-07-17T19:09:31.339265+00:00,4718,47,0,none,,,
TzA6BZ0UZKs,2026-07-17T19:09:31.339265+00:00,804,2,0,none,,,
iz3YEHJ1ozU,2026-07-17T19:09:31.339265+00:00,99,0,0,none,,,
LLLmgReBfJE,2026-07-17T19:09:31.339265+00:00,964,37,0,none,,,
9WTdsIycm0k,2026-07-17T19:09:31.339265+00:00,5958,116,83,none,,,
9_P7ksX1-tM,2026-07-17T19:09:31.339265+00:00,58,0,0,none,,,
YpmlRo0vCRY,2026-07-17T19:09:31.339265+00:00,10068,225,12,none,2026-07-17T16:25:01Z,2026-07-17T17:17:48Z,
9BQH-t16o3s,2026-07-17T19:09:31.339265+00:00,41307,440,45,none,2026-07-17T06:30:26Z,2026-07-17T07:01:05Z,
B2M6e14z_AU,2026-07-17T19:09:31.339265+00:00,3176,163,9,none,,,
HrVe6FDETqc,2026-07-17T19:09:31.339265+00:00,912,24,0,none,,,
nwf-5FK53Eo,2026-07-17T19:09:31.339265+00:00,4744,37,5,none,,,
F08B3Civ03A,2026-07-17T19:09:31.339265+00:00,2926,32,2,none,,,
xkCuKtljLQg,2026-07-17T19:09:31.339265+00:00,370,5,0,none,2026-07-17T14:30:17Z,2026-07-17T14:59:16Z,
6XgKKDPICg0,2026-07-17T19:09:31.339265+00:00,132,1,1,none,,,
s4HEykl2a0w,2026-07-17T19:09:31.339265+00:00,162,0,0,none,,,
cJVBTpcxqro,2026-07-17T19:09:31.339265+00:00,77,1,0,none,,,
KpGzBnRfwOY,2026-07-17T19:09:31.339265+00:00,2472,56,2,none,,,
YKm3LK0l0hw,2026-07-17T19:09:31.339265+00:00,588,15,0,none,,,
X6Sy-EICp1E,2026-07-17T19:09:31.339265+00:00,819,11,0,none,,,
7zVf9PcNJOs,2026-07-17T19:09:31.339265+00:00,1981,9,6,none,,,
roi0vneyIb0,2026-07-17T19:09:31.339265+00:00,2285,244,2,none,,,
NPx1O0ETuMI,2026-07-17T19:09:31.339265+00:00,879,63,2,none,,,
TPA_EZDpggw,2026-07-17T19:09:31.339265+00:00,418,16,0,none,,,
ImlBDM40Mwo,2026-07-17T19:09:31.339265+00:00,2887,20,11,none,,,
6c4qpujcbgc,2026-07-17T19:09:31.339265+00:00,10940,245,1,none,,,
o05xfGGcblE,2026-07-17T19:09:31.339265+00:00,85716,3998,197,none,2026-07-17T14:30:06Z,2026-07-17T14:52:21Z,
Zc1BRbyE1RA,2026-07-17T19:09:31.339265+00:00,578,5,1,none,,,
j1hZDE-Amas,2026-07-17T19:09:31.339265+00:00,9255,44,10,none,,,
q3pNLaCB3Bc,2026-07-17T19:09:31.339265+00:00,5167,405,4,none,,,
9iDRWHfCkMY,2026-07-17T19:09:31.339265+00:00,9136,67,15,none,2026-07-17T05:29:52Z,2026-07-17T05:33:37Z,
w4N2nDyUGzE,2026-07-17T19:09:31.339265+00:00,36218,471,17,none,,,
09Qey-rF2S4,2026-07-17T19:09:31.339265+00:00,508,4,1,none,,,
U5D9_aKfFnQ,2026-07-17T19:09:31.339265+00:00,41,0,1,none,,,
V7Jrk4tsr04,2026-07-17T19:09:31.339265+00:00,84,1,0,none,,,
c79sNIERgIs,2026-07-17T19:09:31.339265+00:00,912,4,0,none,,,
9A2ZhPOAFX0,2026-07-17T19:09:31.339265+00:00,368,10,0,none,,,
R9IaEziuRi4,2026-07-17T19:09:31.339265+00:00,588,20,0,none,,,
M1zLMxJI5Yw,2026-07-17T19:09:31.339265+00:00,6390,88,2,none,,,
fUMEC7O5umY,2026-07-17T19:09:31.339265+00:00,258,1,5,none,,,
XeQ60LlsXj0,2026-07-17T19:09:31.339265+00:00,822,68,0,none,,,
dBzS35ZjYrU,2026-07-17T19:09:31.339265+00:00,11362,327,11,none,2026-07-17T13:00:06Z,2026-07-17T13:20:56Z,
dgnMK7dCtHc,2026-07-17T19:09:31.339265+00:00,0,3,3,upcoming,,,
6Y6CFOJGdj4,2026-07-17T19:09:31.339265+00:00,12476,146,9,none,2026-07-17T01:01:02Z,2026-07-17T02:00:07Z,
vg8qOXgiu1M,2026-07-17T19:09:31.339265+00:00,82,1,0,none,,,
qaoX2bCxnNU,2026-07-17T19:09:31.339265+00:00,80,0,0,none,,,
8mQPQxwiGxQ,2026-07-17T19:09:31.339265+00:00,106,0,0,none,,,
otI_UDz5zgQ,2026-07-17T19:09:31.339265+00:00,2446,92,17,none,,,
_rh2-ts8SGs,2026-07-17T19:09:31.339265+00:00,291,1,0,none,,,
DKhvq1vzE6E,2026-07-17T19:09:31.339265+00:00,503,14,7,none,,,
DcjA8TOnAMA,2026-07-17T19:09:31.339265+00:00,126,0,0,none,,,
9hRQRq51fwg,2026-07-17T19:09:31.339265+00:00,7698,175,5,none,,,
SJXMXv-J4LQ,2026-07-17T19:09:31.339265+00:00,764,10,2,none,,,
fwdCUXvK_Io,2026-07-17T19:09:31.339265+00:00,212,2,0,none,,,
R4idVpqpKLw,2026-07-17T19:09:31.339265+00:00,32828,387,27,none,2026-07-17T09:00:04Z,2026-07-17T09:24:36Z,
D7NZAVTle5Y,2026-07-17T19:09:31.339265+00:00,128,1,1,none,,,
9oJbfSpgVWo,2026-07-17T19:09:31.339265+00:00,175,1,0,none,,,
QKpZaBKKH68,2026-07-17T19:09:31.339265+00:00,62641,814,24,none,,,
66jhBUbslD0,2026-07-17T19:09:31.339265+00:00,43820,368,8,none,,,
jNYqJngPw5c,2026-07-17T19:09:31.339265+00:00,187492,6839,470,none,2026-07-17T14:00:06Z,2026-07-17T14:21:15Z,
dQ4Q5mYVv38,2026-07-17T19:09:31.339265+00:00,743,7,0,none,,,
j8BHi2SVQwA,2026-07-17T19:09:31.339265+00:00,613,12,2,none,,,
fEE3V5qwYYI,2026-07-17T19:09:31.339265+00:00,149,1,0,none,,,
L8BmjWvBfBg,2026-07-17T19:09:31.339265+00:00,128,1,0,none,,,
lGabeYXLAbM,2026-07-17T19:09:31.339265+00:00,10827,89,5,none,2026-07-16T16:28:40Z,2026-07-16T17:11:11Z,
A8YMgvXEyTI,2026-07-17T19:09:31.339265+00:00,325,3,0,none,2026-07-17T15:36:51Z,2026-07-17T15:41:19Z,
cSLVjqy_VOA,2026-07-17T19:09:31.339265+00:00,21751,204,39,none,,,
Ltk0hVHoLiI,2026-07-17T19:09:31.339265+00:00,889,4,4,none,,,
Yb2B8LYh2MM,2026-07-17T19:09:31.339265+00:00,222438,3003,0,none,,,
FLprS5cqAE4,2026-07-17T19:09:31.339265+00:00,512,10,2,none,,,
qVteU5M5d8s,2026-07-17T19:09:31.339265+00:00,620,10,7,none,,,
hrZcgFq-0ow,2026-07-17T19:09:31.339265+00:00,189,6,0,none,,,
KthEH-7_Kag,2026-07-17T19:09:31.339265+00:00,977,7,6,none,,,
x3QHK9UnZ1o,2026-07-17T19:09:31.339265+00:00,515,3,1,none,,,
XyfIMbDcIZQ,2026-07-17T19:09:31.339265+00:00,22581,145,37,none,,,
OG7XCBGwh-s,2026-07-17T19:09:31.339265+00:00,124,1,0,none,,,
Nz6XoOHQPoA,2026-07-17T19:09:31.339265+00:00,1,0,,none,,,
654Mv-lIp6Y,2026-07-17T19:09:31.339265+00:00,722,4,6,none,,,
0BOf4BZsLlA,2026-07-17T19:09:31.339265+00:00,6023,123,8,none,2026-07-17T16:27:36Z,2026-07-17T17:11:18Z,
SXzjzxoWKyY,2026-07-17T19:09:31.339265+00:00,157,2,0,none,,,
eHDKCl2qS3g,2026-07-17T19:09:31.339265+00:00,5549,79,0,none,,,
7d3h-WHSIF4,2026-07-17T19:09:31.339265+00:00,567,5,5,none,,,
JT9w6QUtuzo,2026-07-17T19:09:31.339265+00:00,21297,729,196,none,2026-07-17T15:00:06Z,2026-07-17T15:22:19Z,
Z0M76j6uB3U,2026-07-17T19:09:31.339265+00:00,95930,904,387,none,,,
-C72gb14swA,2026-07-17T19:09:31.339265+00:00,24274,290,13,none,2026-07-17T03:55:06Z,2026-07-17T04:00:03Z,
HLRnSYUoAjc,2026-07-17T19:09:31.339265+00:00,355,22,1,live,2026-07-17T18:15:06Z,,
E4ITsZHHYjU,2026-07-17T19:09:31.339265+00:00,87426,963,37,none,2026-07-17T13:19:51Z,2026-07-17T14:15:29Z,
zfIb8h3ivt4,2026-07-17T19:09:31.339265+00:00,1237,9,0,none,,,
Zm1j5qZHMq0,2026-07-17T19:09:31.339265+00:00,519,2,0,none,2026-07-16T05:32:17Z,2026-07-16T06:26:03Z,
Ad7XVQ76TNM,2026-07-17T19:09:31.339265+00:00,543,6,0,none,,,
F7P4jlCUAa0,2026-07-17T19:09:31.339265+00:00,1280,43,0,none,,,
Xw2h9vxQfRk,2026-07-17T19:09:31.339265+00:00,498,8,0,none,,,
DZh7L2Qr8rg,2026-07-17T19:09:31.339265+00:00,696,14,0,none,,,
eumWPXGPmgo,2026-07-17T19:09:31.339265+00:00,1315,13,12,none,,,
KsUz-1Y5YeA,2026-07-17T19:09:31.339265+00:00,237,0,0,none,,,
8vPYdyGAzPU,2026-07-17T19:09:31.339265+00:00,65489,1630,193,none,2026-07-17T16:00:06Z,2026-07-17T16:22:45Z,
JWk4aW_TRZ0,2026-07-17T19:09:31.339265+00:00,7372,161,17,none,,,
s74tVnQ1eqM,2026-07-17T19:09:31.339265+00:00,17387,210,2,none,,,
U7ljg-NmqN0,2026-07-17T19:09:31.339265+00:00,137,1,0,none,,,
Qc6X1TOzvco,2026-07-17T19:09:31.339265+00:00,3353,18,1,none,,,
0ymXYusbJ6E,2026-07-17T19:09:31.339265+00:00,226,6,2,none,,,
FRXLofT8Huw,2026-07-17T19:09:31.339265+00:00,1389,39,5,none,,,
ejhzUbFO45M,2026-07-17T19:09:31.339265+00:00,1762,43,2,none,,,
9L5HQRcGUz8,2026-07-17T19:09:31.339265+00:00,3733,32,1,none,,,
lJuNg0GfFv8,2026-07-17T19:09:31.339265+00:00,15211,127,10,none,2026-07-17T00:55:52Z,2026-07-17T02:02:40Z,
YYpP-bLmYNc,2026-07-17T19:09:31.339265+00:00,12463,181,20,none,,,
qIbZu28dSoQ,2026-07-17T19:09:31.339265+00:00,179,1,0,none,,,
Tnp3tratzvw,2026-07-17T19:09:31.339265+00:00,12380,743,28,none,2026-07-17T16:00:06Z,2026-07-17T16:20:15Z,
ApUQOS7Z6gM,2026-07-17T19:09:31.339265+00:00,152,2,0,none,,,
FLsiIiUMBf8,2026-07-17T19:09:31.339265+00:00,6016,572,68,none,,,
azUQAzCcxkY,2026-07-17T19:09:31.339265+00:00,878,11,2,none,,,
qBDIzMUMCx0,2026-07-17T19:09:31.339265+00:00,8447,72,12,none,,,
3j3Ym9kfqAY,2026-07-17T19:09:31.339265+00:00,92,1,1,none,,,
IKdlFu5nxco,2026-07-17T19:09:31.339265+00:00,113,1,1,none,,,
ucrsDqdYaWw,2026-07-17T19:09:31.339265+00:00,4108,105,9,none,,,
73cE2jIqNpM,2026-07-17T19:09:31.339265+00:00,8363,156,10,none,,,
RhyK-9Kx4JY,2026-07-17T19:09:31.339265+00:00,13031,220,6,none,2026-07-17T12:30:06Z,2026-07-17T12:36:00Z,
Y6rdfMLZsko,2026-07-17T19:09:31.339265+00:00,310,1,1,none,,,
4pc0sZzYZ_8,2026-07-17T19:09:31.339265+00:00,139,2,0,none,,,
i9YbhUGRv1w,2026-07-17T19:09:31.339265+00:00,228,4,1,none,,,
iqL1gj-W-sM,2026-07-17T19:09:31.339265+00:00,827,26,1,none,,,
qDx0QpclSAw,2026-07-17T19:09:31.339265+00:00,26744,200,37,none,2026-07-17T02:20:31Z,2026-07-17T02:26:21Z,
DKTdBj0n3ws,2026-07-17T19:09:31.339265+00:00,73,2,0,none,,,
FaA2OhhAenQ,2026-07-17T19:09:31.339265+00:00,37901,283,15,none,2026-07-17T06:24:54Z,2026-07-17T07:06:53Z,
LwGPQ84_ab8,2026-07-17T19:09:31.339265+00:00,146762,9271,74,none,,,
XL3HlX9kRns,2026-07-17T19:09:31.339265+00:00,618,7,3,none,,,
WJlUEUAxyZE,2026-07-17T19:09:31.339265+00:00,204959,5334,314,none,2026-07-17T15:00:06Z,2026-07-17T15:22:35Z,
wwXYbXfCS2s,2026-07-17T19:09:31.339265+00:00,180,3,3,none,,,
5r1ZDTG_OGo,2026-07-17T19:09:31.339265+00:00,610,33,1,none,,,
TWMAz-luaJE,2026-07-17T19:09:31.339265+00:00,2872,21,13,none,,,
Ff1Ps1r6_FU,2026-07-17T19:09:31.339265+00:00,68,1,0,none,,,
V_y3ldGWb1g,2026-07-17T19:09:31.339265+00:00,3471,51,5,none,,,
IbSPnidumjw,2026-07-17T19:09:31.339265+00:00,364,8,0,none,,,
HhcbBplx0Mo,2026-07-17T19:09:31.339265+00:00,36151,498,20,none,,,
xRszkPi0taY,2026-07-17T19:09:31.339265+00:00,1874,40,37,none,,,
aVIEhqJD2Ws,2026-07-17T19:09:31.339265+00:00,1833,63,1,none,,,
EeCkVtqQ6uI,2026-07-17T19:09:31.339265+00:00,110,3,2,none,,,
XCrAHa6hRq8,2026-07-17T19:09:31.339265+00:00,1520,13,1,none,,,
VRi3_2Hl2AE,2026-07-17T19:09:31.339265+00:00,2003,35,7,none,,,
VNCameVcqSs,2026-07-17T19:09:31.339265+00:00,28271,270,65,none,,,
avhIDHlmUCQ,2026-07-17T19:09:31.339265+00:00,159,1,0,none,,,
uvz68tkFXEM,2026-07-17T19:09:31.339265+00:00,463,6,0,none,,,
rkAPmOXqMm8,2026-07-17T19:09:31.339265+00:00,233,10,1,none,,,
r1p4dawcmmE,2026-07-17T19:09:31.339265+00:00,2944,167,3,none,,,
0UPuZ_q6o_I,2026-07-17T19:09:31.339265+00:00,1325,32,0,none,,,
JR6MOeTQqUA,2026-07-17T19:09:31.339265+00:00,1650,19,0,none,,,
TojNJTgGTxc,2026-07-17T19:09:31.339265+00:00,24402,1501,140,none,2026-07-17T16:30:07Z,2026-07-17T16:49:15Z,
Zzua_SYzZTM,2026-07-17T19:09:31.339265+00:00,60,1,0,none,,,
wc3xUADg_Q4,2026-07-17T19:09:31.339265+00:00,1550,170,33,none,,,
TtPz_vn-_Mg,2026-07-17T19:09:31.339265+00:00,4791,57,0,none,2026-07-16T15:30:28Z,2026-07-16T16:22:10Z,
BFzmK6CQ6hk,2026-07-17T19:09:31.339265+00:00,164,4,0,none,,,
TXJ5LlIzWA0,2026-07-17T19:09:31.339265+00:00,58,1,0,none,,,
eJYbVc9T5fM,2026-07-17T19:09:31.339265+00:00,210,1,0,none,,,
CtCxF2boU90,2026-07-17T19:09:31.339265+00:00,16195,115,32,none,,,
3eN8h-_xlJ4,2026-07-17T19:09:31.339265+00:00,313,0,0,none,,,
NexMToaxYqA,2026-07-17T19:09:31.339265+00:00,291,3,0,none,,,
mvgjzh6o2Rk,2026-07-17T19:09:31.339265+00:00,2232,29,11,none,,,
5VgHL5AmUlI,2026-07-17T19:09:31.339265+00:00,501,7,13,none,,,
5ftRpmRsOp8,2026-07-17T19:09:31.339265+00:00,6069,92,17,none,,,
o5bTtrG3um8,2026-07-17T19:09:31.339265+00:00,1547,52,8,none,,,
_xDeqPYFzgc,2026-07-17T19:09:31.339265+00:00,133,2,0,none,,,
_gRIdrlNR24,2026-07-17T19:09:31.339265+00:00,75293,1641,42,none,2026-07-17T11:00:21Z,2026-07-17T11:06:13Z,
BAQAH2b-A5M,2026-07-17T19:09:31.339265+00:00,4149,156,49,none,2026-07-16T05:30:06Z,2026-07-16T06:20:50Z,
nuPfV8oYMT4,2026-07-17T19:09:31.339265+00:00,8158,123,74,none,,,
jEugG5n6ssQ,2026-07-17T19:09:31.339265+00:00,67,2,1,none,,,
dV38xtCggp0,2026-07-17T19:09:31.339265+00:00,1106,13,0,none,,,
7UzuJgk2OC0,2026-07-17T19:09:31.339265+00:00,212,4,0,none,,,
RTYQ79C1k5M,2026-07-17T19:09:31.339265+00:00,0,1,0,upcoming,,,
wBachuAXrI8,2026-07-17T19:09:31.339265+00:00,3328,100,2,none,,,
18iEkMVT3nE,2026-07-17T19:09:31.339265+00:00,294,6,0,none,,,
r41D1w9Vy00,2026-07-17T19:09:31.339265+00:00,2731,72,2,none,,,
1BEqRfMWb1Q,2026-07-17T19:09:31.339265+00:00,2832,12,0,none,,,
PEGoMpQCzWw,2026-07-17T19:09:31.339265+00:00,968,11,1,none,,,
r6STIvfByso,2026-07-17T19:09:31.339265+00:00,273,3,0,none,,,
c4QeBy1cBxY,2026-07-17T19:09:31.339265+00:00,11586,229,5,none,,,
EO_Q4IFTC7E,2026-07-17T19:09:31.339265+00:00,1081,4,0,none,,,
ToK8d3Pk5nA,2026-07-17T19:09:31.339265+00:00,104324,1280,142,none,,,
ZFehDfRMRT4,2026-07-17T19:09:31.339265+00:00,6004,73,0,none,2026-07-17T16:28:46Z,2026-07-17T17:12:07Z,
tEYpBWO1VZE,2026-07-17T19:09:31.339265+00:00,13555,81,27,none,,,
Y7EAFkuv5yQ,2026-07-17T19:09:31.339265+00:00,569,5,0,none,,,
AJ_YnhE2lJQ,2026-07-17T19:09:31.339265+00:00,198,4,2,none,,,
hIEoGy7OS84,2026-07-17T19:09:31.339265+00:00,3108,42,0,none,,,
TamX-R77t60,2026-07-17T19:09:31.339265+00:00,935,50,4,none,,,
cyysDgxlsgw,2026-07-17T19:09:31.339265+00:00,1723,13,1,none,,,
-gRxBhubSoM,2026-07-17T19:09:31.339265+00:00,0,48,8,upcoming,,,
FN2dBAqzNec,2026-07-17T19:09:31.339265+00:00,539,6,4,none,,,
MYXqD3icmRE,2026-07-17T19:09:31.339265+00:00,2647,29,2,none,2026-07-16T17:10:36Z,2026-07-16T18:26:27Z,
9Yh8XiObzmM,2026-07-17T19:09:31.339265+00:00,498,4,5,none,,,
tAE67UkyhKw,2026-07-17T19:09:31.339265+00:00,3605,40,6,none,,,
iqbYvJ5qR30,2026-07-17T19:09:31.339265+00:00,531,9,0,none,,,
aUS6Gw3RCcE,2026-07-17T19:09:31.339265+00:00,591,5,0,none,,,
2V_dpDnxGp8,2026-07-17T19:09:31.339265+00:00,1196,32,3,none,,,
FPPq3Tns1h4,2026-07-17T19:09:31.339265+00:00,1842,170,6,none,,,
4SlkN9XnLcA,2026-07-17T19:09:31.339265+00:00,65,1,0,none,,,
RS2t02C08o0,2026-07-17T19:09:31.339265+00:00,3142,38,16,none,,,
wrWukBgznJY,2026-07-17T19:09:31.339265+00:00,27890,3500,260,none,,,
zVcMSXaBGPo,2026-07-17T19:09:31.339265+00:00,83,1,0,none,,,
mFMp8jYV9VI,2026-07-17T19:09:31.339265+00:00,206,3,3,none,,,
m0Lx7DOkhgk,2026-07-17T19:09:31.339265+00:00,1133,16,0,none,,,
X-q5enLHtS0,2026-07-17T19:09:31.339265+00:00,28931,2169,25,none,,,
iL2oyyNX03c,2026-07-17T19:09:31.339265+00:00,47,0,0,none,,,
bCVaTFlhA6k,2026-07-17T19:09:31.339265+00:00,14557,184,1,none,,,
sO64ETHBF9k,2026-07-17T19:09:31.339265+00:00,2627,38,0,none,,,
WOSU830uOz4,2026-07-17T19:09:31.339265+00:00,281,2,0,none,,,
V7hMIUGi8ik,2026-07-17T19:09:31.339265+00:00,1163,43,0,none,,,
fEMdMMVQlbw,2026-07-17T19:09:31.339265+00:00,11630,500,223,none,,,
p1wJV_YifAw,2026-07-17T19:09:31.339265+00:00,369,6,0,none,,,
_V4siqbAeJw,2026-07-17T19:09:31.339265+00:00,452,5,0,none,,,
naLBmE6-RQQ,2026-07-17T19:09:31.339265+00:00,446,14,2,none,,,
X3SxbaOGRWY,2026-07-17T19:09:31.339265+00:00,231,2,0,none,,,
F3BG44qeVCE,2026-07-17T19:09:31.339265+00:00,342,0,0,none,,,
U8zx508tQnI,2026-07-17T19:09:31.339265+00:00,230,3,0,none,,,
_m2GPROmFrg,2026-07-17T19:09:31.339265+00:00,248,3,2,none,,,
etJXc7m4Tj8,2026-07-17T19:09:31.339265+00:00,91876,3330,99,none,2026-07-17T15:00:06Z,2026-07-17T15:22:23Z,
zLPeDGGjVu8,2026-07-17T19:09:31.339265+00:00,85300,2713,113,none,2026-07-17T15:30:07Z,2026-07-17T15:52:11Z,
6enWlhhwXF0,2026-07-17T19:09:31.339265+00:00,1007,13,0,none,,,
9wCb5xv-aAU,2026-07-17T19:09:31.339265+00:00,112,0,0,none,,,
YvVrUzKEEq0,2026-07-17T19:09:31.339265+00:00,404,2,2,none,,,
eic-H9LS4Ug,2026-07-17T19:09:31.339265+00:00,7149,184,0,none,,,
2wXCElmbtX0,2026-07-17T19:09:31.339265+00:00,133,7,10,none,,,
CrYCln2QWfg,2026-07-17T19:09:31.339265+00:00,6251,206,4,none,,,
PcLWlSdRAuQ,2026-07-17T19:09:31.339265+00:00,91053,3803,112,none,2026-07-17T15:08:51Z,2026-07-17T15:30:19Z,
cMTAKtovc3Q,2026-07-17T19:09:31.339265+00:00,617,6,0,none,,,
bihz7svTj0g,2026-07-17T19:09:31.339265+00:00,3210,50,1,none,,,
S9-OwXz8PFc,2026-07-17T19:09:31.339265+00:00,21653,380,2,none,,,
Ee1tM2sNLyY,2026-07-17T19:09:31.339265+00:00,329,6,0,none,,,
edQj-U4540k,2026-07-17T19:09:31.339265+00:00,670,18,0,none,,,
ZMgKuehXDhE,2026-07-17T19:09:31.339265+00:00,1294,31,1,none,,,
AzhL6--u9I8,2026-07-17T19:09:31.339265+00:00,1827,15,0,none,,,
0ag2SSRYziM,2026-07-17T19:09:31.339265+00:00,106,3,1,none,,,
DgsaQBcaawE,2026-07-17T19:09:31.339265+00:00,244,4,0,none,,,
JxVZMvee0HA,2026-07-17T19:09:31.339265+00:00,71,0,0,none,,,
uPI1JoVlQAo,2026-07-17T19:09:31.339265+00:00,203,3,1,none,,,
9wGHbZf-Zv8,2026-07-17T19:09:31.339265+00:00,7758,36,10,none,,,
xK-xYMeUm1A,2026-07-17T19:09:31.339265+00:00,289,2,0,none,2026-07-16T14:00:41Z,2026-07-16T14:24:03Z,
mYSOjGum5PI,2026-07-17T19:09:31.339265+00:00,42,1,0,none,,,
vItR3MM4kdE,2026-07-17T19:09:31.339265+00:00,5860,45,8,none,,,
Iq01E-cJ58k,2026-07-17T19:09:31.339265+00:00,153820,10716,335,none,2026-07-17T16:15:06Z,2026-07-17T16:38:04Z,
W5YHbgAlUY8,2026-07-17T19:09:31.339265+00:00,1786,54,3,none,,,
g89tLOf4Z_4,2026-07-17T19:09:31.339265+00:00,166,1,0,none,,,
ozYHEhqOMQQ,2026-07-17T19:09:31.339265+00:00,2082,42,6,none,2026-07-17T12:30:26Z,2026-07-17T12:33:19Z,
KVkj0i9GLbU,2026-07-17T19:09:31.339265+00:00,1895,49,0,none,,,
5THCfAtYhqY,2026-07-17T19:09:31.339265+00:00,346,3,0,none,2026-07-17T06:38:36Z,2026-07-17T06:43:43Z,
6sICtkdHhLQ,2026-07-17T19:09:31.339265+00:00,222,4,1,none,,,
y5kQ_YsdHKw,2026-07-17T19:09:31.339265+00:00,2781,15,21,none,,,
CFDYnvFqkaQ,2026-07-17T19:09:31.339265+00:00,2430,117,4,none,,,
RHI-FZM7r-Q,2026-07-17T19:09:31.339265+00:00,2247,20,6,none,,,
wUfDliO8IiM,2026-07-17T19:09:31.339265+00:00,30267,1125,77,none,2026-07-17T14:10:06Z,2026-07-17T14:32:30Z,
eNd3FIx_TNw,2026-07-17T19:09:31.339265+00:00,25261,256,42,none,,,
-LzoBh1nP7M,2026-07-17T19:09:31.339265+00:00,23730,722,11,none,2026-07-17T11:30:06Z,2026-07-17T11:36:14Z,
6sKU9oBuRR4,2026-07-17T19:09:31.339265+00:00,1213,14,0,none,,,
dTqX9bGcRo8,2026-07-17T19:09:31.339265+00:00,0,0,0,upcoming,,,
-yL_2AGftLQ,2026-07-17T19:09:31.339265+00:00,316,3,1,none,2026-07-17T05:44:21Z,2026-07-17T06:20:15Z,
wqWwFi2-h4Q,2026-07-17T19:09:31.339265+00:00,2257,24,12,none,,,
bfAzN--4RP4,2026-07-17T19:09:31.339265+00:00,2313,35,1,none,,,
0lzL3Q7f5Lw,2026-07-17T19:09:31.339265+00:00,161,2,0,none,,,
5H8yvSdbzXY,2026-07-17T19:09:31.339265+00:00,279,5,4,none,,,
MztY5mDxyk8,2026-07-17T19:09:31.339265+00:00,53,2,0,none,,,
AP0B1E_55_0,2026-07-17T19:09:31.339265+00:00,1889,49,0,none,,,
wbOotho5mt8,2026-07-17T19:09:31.339265+00:00,539,9,1,none,,,
Mm2DLjdi3CI,2026-07-17T19:09:31.339265+00:00,3206,20,15,none,,,
2I61ziiOxs4,2026-07-17T19:09:31.339265+00:00,62,1,0,none,,,
tZ8hla_qTxQ,2026-07-17T19:09:31.339265+00:00,5253,161,17,none,,,
DbSN9s8z94M,2026-07-17T19:09:31.339265+00:00,329,5,2,none,,,
_C4aoWHVsDo,2026-07-17T19:09:31.339265+00:00,16669,140,18,none,,,
ab1UC_vh3Wc,2026-07-17T19:09:31.339265+00:00,13,1,0,none,,,
CxBzFCfpolE,2026-07-17T19:09:31.339265+00:00,7520,190,5,none,,,
7babOIxmCqw,2026-07-17T19:09:31.339265+00:00,399,1,0,none,,,
DtPcTGfYuEg,2026-07-17T19:09:31.339265+00:00,598,8,12,none,,,
KcsTzsOAdhs,2026-07-17T19:09:31.339265+00:00,413,8,5,none,,,
XPDgNq8pg8k,2026-07-17T19:09:31.339265+00:00,34,0,0,none,,,
zrnhmtAnmwI,2026-07-17T19:09:31.339265+00:00,3947,96,2,none,,,
NJ7bzUkYRJc,2026-07-17T19:09:31.339265+00:00,1146,12,12,none,2026-07-17T03:50:26Z,2026-07-17T03:56:13Z,
9lQ3nn1wvlM,2026-07-17T19:09:31.339265+00:00,1152,59,2,none,,,
oQyxjRdEZp8,2026-07-17T19:09:31.339265+00:00,104956,790,31,none,,,
LKGaBS3neV8,2026-07-17T19:09:31.339265+00:00,475,3,3,none,,,
nvQwPD6Gx_E,2026-07-17T19:09:31.339265+00:00,453,18,1,none,,,
DlbjgPyFcV0,2026-07-17T19:09:31.339265+00:00,7871,286,19,none,2026-07-17T14:30:06Z,2026-07-17T14:49:34Z,
ycljDV62_BM,2026-07-17T19:09:31.339265+00:00,871,11,2,none,,,
TCqfYY4B3RM,2026-07-17T19:09:31.339265+00:00,1426,40,0,none,,,
NRcIQnztxPA,2026-07-17T19:09:31.339265+00:00,7896,309,2,none,,,
MhF2OH2Nu9c,2026-07-17T19:09:31.339265+00:00,1019,16,5,none,,,
DG2coOxA1GA,2026-07-17T19:09:31.339265+00:00,179,5,0,none,,,
df2Y8XOmNyk,2026-07-17T19:09:31.339265+00:00,641,28,2,none,,,
n4qVeAZWIlY,2026-07-17T19:09:31.339265+00:00,126,2,0,none,,,
3HlK4o-RXOs,2026-07-17T19:09:31.339265+00:00,2970,24,16,none,,,
ouj-6_FeWF0,2026-07-17T19:09:31.339265+00:00,37012,1446,436,none,,,
0wgdctihfzE,2026-07-17T19:09:31.339265+00:00,1166,25,0,none,,,
R-0iHXdu0Zc,2026-07-17T19:09:31.339265+00:00,1470,18,4,none,2026-07-17T02:00:06Z,2026-07-17T02:29:30Z,
4MLJ8eniNcU,2026-07-17T19:09:31.339265+00:00,14731,181,13,none,2026-07-17T13:00:06Z,2026-07-17T13:06:08Z,
jnhfZ0SD9Fw,2026-07-17T19:09:31.339265+00:00,868,12,0,none,,,
eAL7d9Uad3w,2026-07-17T19:09:31.339265+00:00,2341,17,18,none,,,
pHiSGvwRSgE,2026-07-17T19:09:31.339265+00:00,220,0,0,none,2026-07-17T03:02:24Z,2026-07-17T03:18:36Z,
6_S4SwXGmmw,2026-07-17T19:09:31.339265+00:00,806,21,0,none,,,
HAG04xhvoOY,2026-07-17T19:09:31.339265+00:00,2462,14,0,none,,,
8oXE-JFqgBQ,2026-07-17T19:09:31.339265+00:00,1126,16,1,none,,,
ahngbWNWa1w,2026-07-17T19:09:31.339265+00:00,161,3,0,none,,,
YnLuhyapyZ0,2026-07-17T19:09:31.339265+00:00,58,0,0,none,,,
Y9zEU-dZabI,2026-07-17T19:09:31.339265+00:00,322,4,0,none,,,
VzsyEOioG3w,2026-07-17T19:09:31.339265+00:00,180435,4914,88,none,,,
9Am0bjluX54,2026-07-17T19:09:31.339265+00:00,714,23,1,none,,,
