profile,horizon_days,fold,training_rows,validation_rows,features,best_iteration,rmsle,log_r2,wape_pct,total_view_capture_pct,median_absolute_error_views
current_v4,7,1,22892,5724,103,104,1.804482260501041,0.2589123330690728,92.04645325110722,20.961211933775342,614.8636406481795
current_v4,7,2,22893,5723,100,186,1.7420031888996363,0.48703762370576,86.66239342351845,24.4974410510411,1370.2140119326368
current_v4,7,3,22893,5723,100,72,1.9595580851006995,0.4951921461350416,89.85401484789935,14.871105602934545,927.3467603150248
current_v4,7,4,22893,5723,98,151,1.684649495846401,0.5780449305493925,89.95113759235193,32.21201576483912,1371.9391379306185
current_v4,7,5,22893,5723,95,170,1.8468581677385734,0.4691947234793308,86.19943258883353,29.027811598175507,598.5542229915891
current_v4,14,1,22892,5724,103,100,1.7851463577935558,0.27142352183414886,91.75918983088079,25.614502339196644,751.9502441085823
current_v4,14,2,22893,5723,100,132,1.7563025754227548,0.4746451072952883,87.27885864773454,24.14603371533862,1439.3789064813436
current_v4,14,3,22893,5723,100,111,1.9045979343934352,0.5149848118991702,87.74105170982416,18.122508570844996,933.1333187228674
current_v4,14,4,22893,5723,98,111,1.6826993497829368,0.5698689405805768,90.8217885406649,29.73925837405986,1447.3599176485613
current_v4,14,5,22893,5723,95,156,1.8406374538034116,0.46469806879371156,86.95330037763385,28.38642310909545,628.0974662628405
current_v4,21,1,22892,5724,103,101,1.8061592990339854,0.25266780798278166,91.59346965448655,24.203948538465355,831.7414493772848
current_v4,21,2,22893,5723,100,113,1.7543823635899978,0.4724556376891347,88.04957746583798,21.978277153379143,1504.405450110477
current_v4,21,3,22893,5723,100,79,1.8583279717928924,0.5335771956885944,89.26285093199068,16.39568874606372,992.9257431278108
current_v4,21,4,22893,5723,98,226,1.657663473566055,0.5779537510377052,90.99130883457322,29.619709166466855,1405.822331313716
current_v4,21,5,22893,5723,95,216,1.8440820414905605,0.4572570518673601,87.7973671779307,28.421114654837925,661.8453713013181
current_v4,30,1,22892,5724,103,121,1.782550440404141,0.2696919719817238,90.72213499926043,24.92322492200162,803.3439632172384
current_v4,30,2,22893,5723,100,134,1.754331194808113,0.46854643797167983,87.89456499988889,24.009622308282008,1504.347405028844
current_v4,30,3,22893,5723,100,133,1.844020226037684,0.5357876783276976,87.05538043849306,19.3654619850326,1013.0516699779416
current_v4,30,4,22893,5723,98,157,1.6631451143203886,0.5701877419826029,90.88202675035174,30.258001570903076,1444.7123357466896
current_v4,30,5,22893,5723,95,213,1.8338964916995453,0.4614427772015667,88.01566986113389,27.69837973146884,689.1637786135127
compact_v4,7,1,22892,5724,76,107,1.809227681131037,0.2550093887418786,92.10921909769648,22.28683599375104,688.0641760031701
compact_v4,7,2,22893,5723,76,119,1.7443901839536298,0.4856308782281664,86.80045382471346,25.216556459830475,1308.9647663532828
compact_v4,7,3,22893,5723,76,82,1.96839376619378,0.490629508184648,88.86664531380157,17.015998192009523,1021.0272699709328
compact_v4,7,4,22893,5723,76,151,1.6920135428380971,0.5743479141973049,90.30701164535654,30.551976866347808,1413.7233072248691
compact_v4,7,5,22893,5723,76,206,1.844237668604376,0.47069996948875814,87.42134472870401,27.29685169191225,584.5479281623886
compact_v4,14,1,22892,5724,76,151,1.7872690723736049,0.26968979349076216,91.47413583723333,24.820316762045593,758.5839693975531
compact_v4,14,2,22893,5723,76,116,1.7481941093037048,0.4794848075518091,87.01136371989092,22.370795561289633,1383.6462928400779
compact_v4,14,3,22893,5723,76,114,1.8733773530066513,0.5307554337969538,87.94287287080148,17.962077725863796,936.0131462924079
compact_v4,14,4,22893,5723,76,132,1.6827641763169419,0.5698357980671838,90.95621547974166,29.645373885171324,1450.3426402660584
compact_v4,14,5,22893,5723,76,233,1.8439725734320314,0.4627564442804383,87.60097529390376,28.59001230656023,652.5159028935688
compact_v4,21,1,22892,5724,76,104,1.7877317560008055,0.26783949690090736,91.20748123760917,25.845756914209044,724.5927058967386
compact_v4,21,2,22893,5723,76,124,1.7502517137340892,0.4749368935083871,87.0909275662255,23.99291850202877,1510.8787270810535
compact_v4,21,3,22893,5723,76,69,1.9169276260490917,0.5036974799421791,89.75842202357325,15.349953482703233,991.813131031935
compact_v4,21,4,22893,5723,76,122,1.6844930433068936,0.5641814089527483,91.45121340352532,32.34972554426237,1502.2488091956197
compact_v4,21,5,22893,5723,76,159,1.8440590982434084,0.4572705569152441,88.10152637578454,28.740190370286733,660.4543614504925
compact_v4,30,1,22892,5724,76,98,1.7848910681236825,0.267772810033193,91.3909286405943,23.22342040745142,717.4482026263486
compact_v4,30,2,22893,5723,76,131,1.746633372057021,0.47320013142972883,87.47024688822977,24.36296240021068,1550.4753644755856
compact_v4,30,3,22893,5723,76,91,1.8897001635432635,0.5125039461155444,89.41207029293427,15.982608376404068,1062.9923503188747
compact_v4,30,4,22893,5723,76,122,1.6918993719375388,0.5551971442236832,91.9124725525514,28.98001234823945,1503.951733633041
compact_v4,30,5,22893,5723,76,233,1.8269675394728053,0.46550471605401744,88.16904501937827,25.389860837470295,678.2610557531252
enhanced_v5,7,1,22892,5724,91,139,1.7741390356755757,0.2836262640221009,90.88813753914141,27.448509622582712,734.7621975754631
enhanced_v5,7,2,22893,5723,91,131,1.7143190319600647,0.5032122087289854,86.06925650663243,27.52069986805849,1331.3503645464712
enhanced_v5,7,3,22893,5723,91,163,1.741685529867513,0.6012053643596105,86.61879464133165,20.443327883417727,967.9097522200198
enhanced_v5,7,4,22893,5723,91,219,1.6803933411603733,0.580174319994597,91.26539981979236,29.705193794812875,1437.9909709594408
enhanced_v5,7,5,22893,5723,91,189,1.832919101684325,0.4771769371879746,86.59457335083901,28.35857822583247,551.9440777802699
enhanced_v5,14,1,22892,5724,91,107,1.798334197212351,0.26061898405733563,90.11068063357305,27.17021436630869,866.3893177330974
enhanced_v5,14,2,22893,5723,91,69,1.7482728176267652,0.47943793655508105,87.77235196409795,22.629644583224994,1383.6319714005767
enhanced_v5,14,3,22893,5723,91,112,1.7754051276914466,0.5785523268751172,88.98789784766409,17.350511477850247,1012.5536614674506
enhanced_v5,14,4,22893,5723,91,156,1.6815595509838164,0.5704514532225597,90.09581228162878,30.063058303042666,1565.745323657352
enhanced_v5,14,5,22893,5723,91,202,1.8197699662189128,0.4767668076789586,86.32871138944893,28.676805309624765,581.1473378084896
enhanced_v5,21,1,22892,5724,91,70,1.8143956953207938,0.24583634105557728,91.69453733596539,21.619069632585724,795.9296512569219
enhanced_v5,21,2,22893,5723,91,142,1.7282999917589388,0.4880250216177494,86.9236766523572,24.461475897742627,1377.400251935327
enhanced_v5,21,3,22893,5723,91,161,1.7390797749766165,0.5915169346185224,87.7199412148266,18.791522208417312,968.5676473970711
enhanced_v5,21,4,22893,5723,91,109,1.6702692031910493,0.5715104291364574,89.96562289707695,26.605041842291516,1507.2156814505365
enhanced_v5,21,5,22893,5723,91,187,1.8171077442593053,0.473018862053063,86.51828451238288,29.061787614463725,602.7957898366689
enhanced_v5,30,1,22892,5724,91,135,1.7927792830496259,0.26128644365233333,91.12051635167076,26.00023522607808,868.3183643652123
enhanced_v5,30,2,22893,5723,91,140,1.732855852767081,0.4814781934166422,87.45934726088947,26.190164627084293,1532.3958393220346
enhanced_v5,30,3,22893,5723,91,109,1.7242874724335415,0.5941134603822387,88.87320895494419,17.1882845107992,1046.9102408364968
enhanced_v5,30,4,22893,5723,91,178,1.6569254360944639,0.5733964761443622,91.87976060674103,29.433196498926584,1463.8224327444736
enhanced_v5,30,5,22893,5723,91,297,1.826209947790623,0.46594790425107735,87.90160577516501,26.826275049442433,633.2075908723915
enhanced_pruned_v5,7,1,22892,5724,87,150,1.7840774271895252,0.2755778035023416,90.5902335092994,23.951958626405304,697.7645745649265
enhanced_pruned_v5,7,2,22893,5723,87,130,1.7385167744281453,0.4890888367320736,87.28100469773761,26.180325569374467,1272.3073138322616
enhanced_pruned_v5,7,3,22893,5723,87,93,1.7358061838064647,0.6038932138609627,86.95586008662592,19.252102031584137,951.6356745352523
enhanced_pruned_v5,7,4,22893,5723,87,135,1.681671644197739,0.5795353403539044,89.39570765626628,28.18997336500787,1350.6807921875816
enhanced_pruned_v5,7,5,22893,5723,87,103,1.8442034480770315,0.470719612030964,86.5511982694879,26.995216855553227,553.734746496244
enhanced_pruned_v5,14,1,22892,5724,87,129,1.765116377811846,0.28768157348782664,90.45035241480745,24.691854678723725,751.5644492300797
enhanced_pruned_v5,14,2,22893,5723,87,135,1.7360214393021218,0.486708262491119,87.39099443573484,27.226883000242445,1362.0745165284939
enhanced_pruned_v5,14,3,22893,5723,87,162,1.728911697857644,0.6003366299195212,86.99598889259691,20.105794712768223,895.8007348094857
enhanced_pruned_v5,14,4,22893,5723,87,107,1.6669340923842781,0.5778910041582216,88.69080715567037,28.924602958441653,1329.1298203900046
enhanced_pruned_v5,14,5,22893,5723,87,228,1.8165661997670675,0.47860752532223805,86.79531396471451,26.610970662460993,587.182563570212
enhanced_pruned_v5,21,1,22892,5724,87,136,1.7832563333834515,0.2715007018556169,90.26450531899155,25.755340694406804,740.7562436767062
enhanced_pruned_v5,21,2,22893,5723,87,139,1.7337629723774932,0.4847833045887677,87.82951209823598,23.516869098604865,1325.5267045593068
enhanced_pruned_v5,21,3,22893,5723,87,167,1.7461047398592402,0.5882101570642091,87.53287856962822,18.84621895723903,949.0101972305692
enhanced_pruned_v5,21,4,22893,5723,87,102,1.6737089048490303,0.56974377509945,89.2629923660913,27.069705105139626,1402.7400065145562
enhanced_pruned_v5,21,5,22893,5723,87,143,1.8271317468473032,0.46718868434525107,86.68916853046557,26.891929432016497,626.2818464236315
enhanced_pruned_v5,30,1,22892,5724,87,125,1.7919866221312915,0.2619395300906415,91.2015743484066,25.731874138191063,718.5750440400147
enhanced_pruned_v5,30,2,22893,5723,87,183,1.7325261985303853,0.4816754592782637,88.05621422721583,25.62754694485517,1444.5888210348244
enhanced_pruned_v5,30,3,22893,5723,87,126,1.7262616090333365,0.5931835294094095,87.6890668448736,19.75139294013694,1018.037819985054
enhanced_pruned_v5,30,4,22893,5723,87,199,1.665612686708881,0.5689113895581399,90.30966297079567,29.403465840899447,1549.771114050291
enhanced_pruned_v5,30,5,22893,5723,87,233,1.8218679671090354,0.46848440040160266,87.57979065706314,27.485179723429926,623.2348328352869
